metabolite,P1,P2,P3,P4,P8,P9,P12,P13,P16,P17,P20,P21,P22,P23,P26,P27,P28,P29,P30,P32,P33,P34,P5,P6,P7,P10,P11,P14,P15,P18,P24,P25,P31
1-Methyl-Histidine,-1.94623531,1.01096175,2.27420593,-0.66207067,0.7670713,-1.10527522,-0.42457935,0.66845346,-0.53425029,-0.55299167,-0.24299965,-0.30925623,-0.47126977,1.17168138,-1.68199017,-0.22545918,-1.17154616,-0.14629659,0.35431962,0.31049509,-0.62290983,-0.36707217,0.48652792,-0.10801483,-0.21653417,2.02985419,-0.04576673,0.97832812,0.80401852,-0.18215004,0.64732834,1.36783154,-1.85440913
"2,3-dihydroxybenzoic acid",-1.05487405,-0.72662866,-0.8794907,-0.86682362,0.53300906,0.16889634,-0.07275922,0.19788425,-0.27740495,0.08939232,-0.11044383,0.34374373,-0.43914324,0.81394671,2.18016366,0.29389062,-2.14192758,0.22601457,-1.62311149,0.20251094,0.22196906,-0.21466768,-1.21236318,-0.06536107,-0.44107924,-0.2766264,0.14193163,0.33136503,0.60167992,0.02732317,0.30766818,0.14299714,3.57831857
2-Aminooctanoic acid,-1.586184483,-1.062783919,1.527524088,0.782622272,-2.133556429,-0.012849139,0.841721199,0.922066559,0.162936593,-0.746508551,-0.274960386,-2.67846016,0.797300067,0.268062925,0.426501213,-0.149821745,-0.893810268,1.094548813,0.67146621,0.963707322,0.390737399,-0.094271325,0.23563472,0.079976662,1.748587661,0.008124301,0.001617184,0.003314586,-0.754824034,-0.004019843,1.285063958,-1.005229385,-0.814234066
2-dehydro-D-gluconate,0.06510374,-0.89360752,0.61191566,-2.09355196,0.78778433,-1.34735567,-0.08370782,0.32094624,1.94903497,0.02048138,0.1586511,-0.24328265,0.23989138,0.01172184,0.44757275,0.84246897,-0.72206786,-0.70269508,0.38511205,-0.6683358,1.54510144,0.31906649,-1.04246127,-0.54463272,-2.2527725,0.36152704,0.81817897,-1.04944078,1.03286817,0.18621554,-0.05275706,2.2474367,-0.65441005
2-deoxyglucose-6-phosphate,0.61599935,1.01338486,0.80345758,0.59728706,-1.39938416,-0.04619845,-0.11313751,-1.06977879,-0.28229227,1.38864911,-2.26839991,0.46337231,-1.58705442,0.5390305,-2.23187919,-0.29267,-0.35839401,0.77655804,0.95225214,1.12661425,0.63308025,1.17773643,0.90159171,0.04021519,-0.85228542,-0.18969396,-0.77986214,-0.99294048,0.21340373,-0.09079993,1.46928414,0.67566483,-0.83281084
2-Hydroxy-2-methylbutanedioic acid,0.92936675,1.98418599,1.31388995,-0.45355694,-0.18209899,-0.04262234,-1.07238023,0.54846564,-0.39721714,1.10366714,-0.40562449,-1.08175478,-1.87188355,-0.37357211,-0.54135212,-0.03038316,-0.30518372,0.23510997,1.54885649,-1.50617512,1.27565931,0.02858911,1.08581306,-1.29381346,-1.82424408,-0.75768408,-0.36789204,0.49077743,0.97725764,1.55010999,-0.24246,0.05094953,-0.37279964
2-hydroxygluterate,-0.44419335,0.44956155,-0.57950661,-0.72232576,0.0767752,-0.43309488,-0.15551668,0.5484799,-0.77276448,1.55725162,-0.90749641,0.63661962,-1.56308226,-0.14597249,-2.18550944,-0.40497378,-1.05302756,-0.30433861,1.42018281,-0.96881962,2.28275781,-0.11261112,-0.18466673,-0.97297338,-0.09548944,-0.06252108,0.49008003,1.57167139,1.09951127,1.44576482,1.25513483,0.01542597,-0.78033314
2-Isopropylmalic acid,-1.41928864,0.89395775,0.66022411,-0.77903314,0.47686266,-0.67800539,-0.17359752,-0.95666569,2.1384464,0.01866913,-0.18324463,-0.40133373,-2.2880638,-0.61469808,0.67389718,-0.19744591,-1.29063828,-0.34491697,-1.41018432,-0.79930691,-0.15664153,-0.38867002,0.527608,0.55404143,0.43425243,2.57608674,-0.08086768,0.57433864,0.86107707,-0.03235185,1.533648,0.42848606,-0.15664153
2-ketohexanoic acid,-0.161869523,-0.485793135,-0.254751827,-0.221954463,-0.252180838,0.009568193,1.116645211,0.308720925,-1.990275447,-0.737937525,-0.464651708,1.98096468,-0.716044727,0.695635273,-0.488018993,-1.653754403,0.933584358,-1.621839743,-0.772326619,-1.305541242,0.315702915,0.29642509,-0.097311024,2.230304104,-1.121540762,0.972432835,-0.266858161,0.193106064,1.714804125,0.032269025,0.294586625,1.019413655,0.498487063
2-keto-isovalerate,0.58245372,1.17624407,0.61612722,1.06258668,1.10860643,0.30280516,0.29784916,0.11443678,-0.76114982,0.43353495,0.03504152,2.25639656,-0.7777954,0.7916227,-2.29435584,-0.76120924,-0.77568389,-1.84541758,-0.43736181,-0.53390414,1.00054794,-0.33393593,0.58359854,1.03408487,-0.58659971,-0.7777954,-1.01960538,-0.69859581,0.86182459,-0.01534716,1.22212425,-1.62328022,-0.23784781
2-oxo-4-methylthiobutanoate,1.02942148,2.00232258,0.36399443,1.3837188,1.70082612,0.67926451,-1.81897924,0.01876567,-0.50035451,0.54302605,-0.1346871,0.33287906,-2.73825894,-0.59560164,0.59522543,-0.88860384,-1.37606091,-1.0846081,-0.04789271,-1.18066003,0.73403234,-0.50295956,0.40449759,-0.02794202,-0.12383487,0.56426119,0.66838223,0.10564131,0.36127314,0.84409339,-0.27718496,0.14681792,-1.18081481
2-oxobutanoate,-0.791486997,-0.210581905,-0.234618895,0.410647668,0.230311795,0.38864843,0.198005397,-0.67916804,-1.218578061,1.202322705,0.779510871,1.865726435,0.262986523,1.534956405,0.007329002,0.673164563,-0.518912075,0.301239401,0.72296355,0.779510871,0.787493742,0.53617181,-0.981589531,-1.532345107,-0.990626836,-2.031444932,1.242608239,-0.873883035,-0.191393412,0.533109097,0.608116129,-0.23488975,-2.575304059
3-hydroxybuterate,-0.14917587,0.34374531,-0.54784991,-0.13301858,-0.46039877,0.16595065,-1.13369077,0.34081909,-0.39974679,-0.04876325,-0.7751404,0.86247356,-2.2966178,0.23273824,0.81090956,1.37735626,0.53936178,-0.47705529,0.74296513,-0.60402056,0.33877215,-0.31857164,-0.07596099,0.17121044,3.99316283,-0.87098782,0.56821945,-0.20312487,-0.01066682,-0.63218317,-0.73048557,0.25120734,-0.8714329
3-phosphoglycerate,1.89237937,1.70789975,1.64252501,0.65201869,0.99572086,0.38794303,-0.10042421,-0.10823558,-0.93662524,0.25286826,-0.35981375,1.32533483,-1.73965705,-0.36980045,-1.42634227,-1.54457602,-1.25745311,-1.3362462,-0.71987328,-0.98472669,0.06765827,-0.22339547,0.16437633,-0.33805821,0.76522758,-0.1400441,-0.89563795,-0.0448753,0.57915001,0.2564593,1.69795064,-0.65581415,0.79408709
3-phospho-serine,0.006544847,0.200602316,-0.096092958,0.245676081,0.6428243,0.716347022,-1.053820313,0.391332611,0.518463622,1.240221438,1.021703969,-1.875317977,-0.237166447,2.144269104,-0.815136459,-1.095994268,0.331901225,-0.1318603,-1.344934434,-1.745244073,-0.721829616,-1.537037087,0.055643085,1.091181004,0.691094972,1.743349847,-0.164455373,-0.711324007,0.165398239,0.422194656,-0.296441427,1.400892747,-1.202986347
3-S-methylthiopropionate,0.299532834,0.550313501,-1.586347645,0.296717454,0.263703075,1.241577097,-0.324811627,-0.928488487,-0.031213275,2.365724764,-1.813553424,-0.876461751,1.126619985,0.008127287,-0.413925743,0.262709956,-0.61763568,-0.818458069,-1.133803619,1.047796466,-1.318585063,-0.252143057,0.449719346,-0.426494982,0.901349098,2.551236205,-0.21260034,-0.000848264,-1.097670432,-0.57263618,0.773693064,0.366669571,-0.079812065
4-phosphopantothenate,1.411912068,1.724929737,0.565228098,-0.004278647,0.658932534,-0.17126453,-0.49275405,-0.028611316,-0.655845,0.605900292,-0.878135198,1.278939584,-2.369352982,0.434239671,-2.759538209,-0.288569246,-0.814508147,-1.291728102,-0.384019466,-0.165764666,0.616336868,0.870665496,0.816660974,0.210846497,-0.300485629,-0.679800547,-0.786293417,0.235900413,0.296957252,0.500973612,1.837324978,0.035606623,-0.030405545
4-Pyridoxic acid,-0.60202634,1.30091111,-0.5581264,-0.59730013,-0.31578546,1.99314838,-0.98728674,0.50678435,-0.93399238,-0.53812499,-0.6595364,-0.26149994,-0.57476047,-0.79664428,-0.05721991,-0.01955756,-0.51745378,-0.14791027,-0.05503052,-0.15469557,0.01367598,-0.17408355,-0.45911731,2.71320828,1.96570003,-0.20227851,2.82897556,-0.76678039,-0.61030408,-0.56526348,-0.39528212,-0.1306194,-0.24172371
5-methyl-THF,0.749569807,0.791084729,1.045369831,0.002424548,1.164471201,0.822763227,-0.370504672,1.050102268,0.335963146,-0.187459294,-0.645680253,-0.062517994,-1.174246279,-0.941605698,-1.416835304,0.422781556,0.401444963,-1.880618939,1.358593431,-1.587181839,-2.142457849,0.504455895,0.890717249,0.225452169,0.894118449,-0.231602061,-0.036054524,1.438552512,-0.361147683,0.707181035,-0.052478726,0.29319331,-2.007848212
5-phosphoribosyl-1-pyrophosphate,-0.69877714,1.09044662,-1.4561811,1.60948179,0.45389583,1.0134582,0.02910664,-0.07735628,-1.18403271,0.12150627,-1.21993204,0.82846756,-1.8358409,1.65700187,0.83470802,0.46788721,-0.51139948,0.04072294,-0.66404674,0.19508942,0.4708179,0.39384054,0.7182044,0.65085129,0.73396188,-2.20305017,-1.45123258,0.90999453,0.14234734,1.2390168,-0.67632903,-0.6792855,-0.94334342
6-phospho-D-gluconate,1.45588192,1.99852354,0.48668138,0.09983715,1.13787274,-0.13855258,-0.43540948,-0.40357393,-1.46563987,0.70650288,-1.12003944,0.89625586,-1.63787257,-0.14924397,-2.13639476,-0.54881228,-0.21501611,0.73786707,-1.14178136,-0.51351617,0.29362664,0.14195423,1.03745409,-0.19603264,0.57826655,-0.8986057,-1.15591022,-0.52551866,-0.2409424,0.14340778,1.92882769,-0.04794022,1.32784282
7-methylguanosine,0.7509172,-0.72965663,0.28128356,0.17301835,0.58898607,0.41671726,0.41561502,0.71300405,0.65056761,-0.04568081,0.15004004,0.78233903,-0.853487,0.70796026,0.33790351,-0.27001563,-1.28319255,-1.88090618,-0.43592393,-0.84039268,0.57715707,-2.20385623,0.59133594,1.35212918,0.04089453,-1.64850546,1.76408799,1.26451156,1.21524379,0.59597697,-0.61529286,-0.67191388,-1.89086517
acetoacetate,-0.67648026,0.05401675,0.88029863,-0.63775538,2.12969732,-1.00617496,-0.04297767,-0.48465873,-1.07864291,1.65943305,-0.75952278,1.04923839,-2.13898539,0.96721393,-0.87954241,-0.25193304,-1.80138374,0.63724565,-0.40423726,0.45670779,0.91269977,-0.24446822,-0.88314507,0.91683953,0.31372941,-0.49148219,0.72905723,0.03701359,0.61678146,0.96721393,-0.31876307,1.26083918,-1.48787251
Acetylcarnitine DL,-0.66854427,-0.36036232,1.08996566,-0.1056964,-0.28103754,1.1218538,0.12253977,1.46157695,1.23663975,0.64073187,-0.36707777,0.03291635,0.29001107,0.76940237,0.31298468,-1.32534009,0.42931019,-0.37925593,-1.25381786,-2.36925569,-1.17787905,-1.59067096,1.06879508,-0.13951068,1.24870338,2.34477629,-0.29529239,0.02676085,-0.50046264,-0.81498706,0.74360287,-0.47764763,-0.83373266
Acetyllysine,0.720748042,0.408615164,2.42556178,-0.3325465,-0.318874996,0.012725374,0.580612281,-0.601192535,0.148186447,0.147560443,0.871537934,-0.471363914,-0.44728968,-0.868754835,0.283424026,-0.832655354,-1.026805634,0.47248615,0.205561346,-0.23479168,-0.362604585,0.016933196,-0.193209572,-1.197199025,0.462338799,2.942490112,0.369784837,-0.641272735,0.002636253,-0.840774751,1.318675945,-0.42391953,-2.596622805
aconitate,0.43998921,1.64666165,0.6981024,0.42452615,-0.66437912,0.33377292,-1.72519139,1.81448659,0.77369402,-0.15297331,-0.06462226,-1.3011743,-1.15771765,-0.44679536,-0.37274105,0.23036212,0.41570887,0.82205289,-0.29745288,-0.93083777,-1.08542115,-1.60511612,-1.04011723,-0.80041164,-0.96753159,0.71260253,0.68528964,1.22993648,1.75774298,0.98697227,-1.20977325,1.11763597,-0.26728063
adenine,0.12386443,-0.56235758,1.96156435,-0.25553374,-1.19024183,0.59920656,-0.83603873,0.64341764,0.54534257,1.97560195,-0.14217503,0.07120608,-0.93012619,-0.931667,0.40508298,-0.41898585,0.36107699,-1.67535227,0.82347797,-1.54662249,0.87682261,-0.25933552,0.50586985,-1.43178943,-0.59566385,2.61831204,0.87565092,-0.08584184,0.2958767,-0.52222821,0.02445921,-0.34636613,-0.9765072
adenosine,-0.296951893,-0.583557708,0.708442728,-1.180986563,-0.357008446,-0.094986661,-0.693782407,-0.604754107,0.052534011,0.414426052,0.000369704,-0.319447263,4.167518571,0.082121225,1.748556418,-0.329485455,1.764855902,0.376633148,-0.151736943,-1.344014712,-0.093211179,-0.459006344,-0.616166228,0.227909223,-0.551534713,-1.063524713,-0.126774512,-0.322804011,-0.307818749,-0.46660943,0.058929514,-0.135042319,0.49690786
adenosine 5-phosphosulfate,-1.02768193,0.18763661,-0.0896416,0.78798261,1.84175815,0.08054904,-2.9226253,0.35199623,0.23351818,-0.60785471,0.33455019,-0.67192603,-1.0267591,0.65666889,0.53242664,-1.13760295,0.44332577,1.46666932,-0.04176676,-0.87043404,0.10579337,0.48786799,-0.45181604,-0.26610824,-0.78289085,-1.24240035,1.34021337,-0.90700693,1.44704931,1.02327235,-0.23005066,1.50434762,-0.54906011
a-ketoglutarate,-1.243380793,-0.493207282,-1.191010713,-0.178729382,-0.386105909,-0.751625127,0.007445985,-0.599481812,-0.612104869,1.15735161,-0.193391052,0.299777502,0.421324436,0.879883021,-0.282399414,0.39471087,-1.184863816,0.006535782,-0.023265592,0.181284566,-0.561185405,0.986630709,0.465143295,-0.314923833,-1.547634044,1.639029665,1.80346235,0.335767934,3.305511425,-1.340595426,-0.043168837,-0.414163305,-0.522622539
alanine,0.87501388,0.71493512,-0.11303239,-0.26629969,0.38936296,0.78178095,-2.3698787,-0.41011272,-0.24799024,1.22831834,0.61333936,-1.27170056,-0.21514398,0.85100144,0.04659292,1.42872976,-0.01991538,0.63971902,0.01331155,-0.65962856,0.7500469,0.14506359,-1.05303617,0.96650995,-1.9364471,-0.60946695,-0.04200737,0.04182168,1.80319022,0.19101385,-2.44322849,-0.56095194,0.73908875
allantoate,-1.01407484,-0.5867459,2.06029136,-1.09658816,-0.55433212,-0.82689595,0.77398989,-0.41819729,0.7884354,1.69153968,0.78075763,1.87623541,-1.02460021,0.73898754,-1.67253864,-0.89098036,-0.06814309,0.84104361,0.0519161,-0.16968663,0.12278083,0.31838822,1.02321657,-1.43372031,-1.07084638,-0.60776608,1.05107991,0.26033102,-0.28047535,0.68867821,0.91221337,-1.22013882,-1.04415463
allantoin,-2.33779259,-1.1304404,1.46714737,-0.88205274,-0.57412861,0.44924871,1.65689322,0.02736982,-0.69851592,-0.23612971,0.05141705,-0.39243743,1.23281925,-0.41933805,-0.09536669,1.53419171,0.13620125,1.02201816,1.73137803,0.15320259,-0.3724452,0.09631341,-0.6838753,-1.96079801,-1.19234369,1.24823176,-0.53269537,0.64807284,0.29823874,-0.90078212,-0.13410179,1.03984654,-0.24934682
Aminoadipic acid,-1.3174669,0.30854833,-0.34000622,0.51341088,0.98481785,-2.62974665,1.62819503,-0.6761017,1.06875681,-0.65044335,-0.35453004,-0.27753147,-1.76302539,-0.3921209,0.07859861,0.48476957,-0.7318844,0.16392465,0.06060373,0.45384506,-0.34687726,-1.62091767,0.95164856,-0.50565971,-0.18672789,2.47754376,0.91483174,-0.05187756,1.06560887,-0.04730318,-0.01041911,0.82869495,-0.08115903
aminoimidazole carboxamide ribonucleotide,1.456399747,0.107284975,0.003281141,-0.071366614,-0.928740484,-0.073781033,-0.420497251,-1.155567837,0.481727012,1.258026167,0.346571381,0.767265211,-0.506054537,-0.717073949,-0.580225507,-0.60494135,1.16813264,0.589308519,-1.495169135,-1.284702519,0.075485055,-0.735007188,-0.60756243,-0.454295031,-0.753309172,-0.750681571,-1.056504422,0.760476434,-0.008968801,-0.426854375,0.647965864,3.188762012,1.780617046
AMP,-0.051556291,-0.321533892,0.472224,-0.190806075,-0.044325905,-0.541323634,-1.002608713,-0.652898577,-0.332540585,-0.249955831,0.697279581,-0.249549208,2.632704183,0.006905185,1.64618803,-0.062811306,3.03686298,0.6871015,-0.655291975,-0.097618871,-0.350417924,-0.331804272,-0.560323683,-0.624800122,-0.898149884,-0.647129282,-0.800917903,-0.908257215,-0.637979126,-0.736653523,-0.111845231,-0.293176722,2.17501029
anthranilate,-1.45573426,-0.87176668,-0.40945249,-0.40003907,-0.49963109,-0.95124934,-0.37078564,-0.11064363,0.19944205,-1.09665947,0.02809504,0.1551393,0.85471828,1.55851847,0.22108451,1.69199485,-0.3936822,0.51808518,1.68661624,0.17942975,0.30787057,0.07518884,-0.06560026,-1.19150585,-1.49513783,-1.56300392,-0.22534307,-0.82494611,1.18894464,-0.10865513,-0.54371603,2.47650997,1.4359144
Ascorbic acid,1.2804793,0.3051456,-0.6571986,-1.3377317,-0.5138291,0.4334626,-0.8853501,1.274865,1.005336,2.0223158,0.7036375,-1.4128132,-0.9887641,-0.529977,0.28229,-1.1209035,1.929024,0.9658317,0.1533771,-1.203362,1.00331,0.7525319,-0.8807117,-1.1396199,0.1886285,-0.202025,-1.5797207,0.8274972,-0.3287939,0.6433899,0.3473315,-1.1333848,-0.2042685
asparagine,-0.18049791,0.06538736,1.97026018,0.05652284,-0.34488683,0.10865551,-0.78851481,1.37968876,2.87445995,0.6728169,-0.17521406,-0.7014301,-0.89705833,0.49494343,0.4634788,-0.06162892,-0.5034632,0.07086009,-0.04787055,-0.44921031,-0.09166973,-1.44846633,-0.20689031,-0.45852254,-0.44894676,1.90165943,0.84900601,-2.10528253,-0.41224065,-0.44270105,0.10547868,0.36712686,-1.61584988
aspartate,-0.01962829,0.58412097,-0.08495721,0.53151228,0.70483989,-1.04442772,1.3352424,-0.1805794,2.28922396,-0.22413922,-0.0740651,-0.54485593,3.27136606,-1.67735803,-0.24371448,-0.30872354,0.60042856,-0.71333723,-1.10368603,-0.51900348,-0.48476771,-0.70452977,1.08918662,-0.92761273,-0.95041433,0.98231238,-0.29601754,-0.61270362,0.33943483,-0.27554255,-0.64606311,0.5125227,-0.60406361
Atrolactic acid,-1.15244287,0.60348189,-1.92986774,-1.91145514,0.47251167,-0.89261962,-0.34623263,-0.620768,2.13324842,-0.70958628,0.22802144,1.22686887,-0.72456839,1.63107222,0.5369628,1.42838472,-0.37846855,0.56778322,0.42725692,0.91428822,0.38405649,-0.51018953,-1.16346527,0.16102566,0.69558348,1.29818781,-0.03130256,-0.38203574,-0.62052214,-0.17294745,-0.31698217,0.76451892,-1.60979866
betaine,0.6083175,0.2823059,0.2051029,1.1278805,0.4053765,-0.5184757,0.1136229,0.170252,0.1312569,0.7524335,0.4012424,0.9563692,1.040164,0.1389493,-0.1992364,-0.9091339,-1.4772006,-2.3043844,-1.4508651,-1.2714694,-0.6242603,0.4076163,0.4658761,0.3713935,0.8176222,0.6566165,-1.6660519,0.8627394,1.4774933,0.3755625,0.8062904,-2.5080212,0.3546152
betaine aldehyde,0.07946747,-1.4651788,-0.73971403,0.18058745,0.20291564,0.09003933,-0.57451061,0.57235074,0.13063456,-0.02058118,0.96222792,1.054299,-1.26956101,2.02568245,-0.62908452,0.10927014,-0.92451314,-1.02503434,-0.51087943,-0.81352622,-0.48534256,-2.49963326,-0.07220188,1.4285271,-0.34296713,-0.98034382,0.36694363,1.42423816,1.96460357,0.67784942,0.1129998,-0.21477424,1.18520979
biotin,0.16656111,0.398360511,-0.296843648,0.034643021,0.038297477,-0.297016185,-0.304626025,-0.102763961,-0.371681681,-0.226341767,-0.606631274,0.121729279,5.262148603,0.44378973,-0.291263867,0.169950422,-0.900082678,-0.067564633,-0.240368423,-0.617131221,-0.190930473,-0.738312756,-0.209907873,0.00996677,-0.515823187,-0.411525064,-0.045957,0.134669731,0.527301115,-0.060006116,-0.359938405,-0.460578934,0.007877404
Carbamoyl phosphate,1.08040269,-0.1577706,-0.57228475,0.21959838,-0.91075268,-0.70995409,-1.29940391,0.23908633,2.75024943,0.47294224,1.31709563,0.08525054,0.91208494,-0.03375056,-0.3564174,0.19936076,1.9279693,0.60098007,0.54828392,-0.11329023,-0.5512185,-0.49722532,-1.5347801,-0.52812478,-1.19198562,-1.56912329,0.05477528,0.33834847,0.44991636,1.16242058,0.26003741,-0.9333453,-1.65937522
carnitine,-1.05056107,-0.36108391,0.9612754,0.26990457,-0.62443056,0.55870547,0.27202976,1.20055274,1.31438627,0.03841391,-0.56125254,0.20808521,-0.0773929,1.23780312,1.15362514,-0.91239177,-1.05088036,-0.26228598,-0.3287029,-2.62332686,-0.53766636,-1.64704202,0.2295937,-0.84985251,0.47963684,1.9990866,0.81272728,-0.26678667,0.21671471,-0.89008459,1.77645918,0.22086921,-0.90612811
CDP,0.63007306,0.99862847,-1.0451874,-1.15088687,0.43424376,0.08878253,0.96370834,-0.55550279,-0.14707892,-0.32871519,-0.33734029,1.28056754,2.47376446,1.11618425,-1.17351221,-0.13533996,-0.62464272,-2.20876241,-0.06534854,-0.77557021,0.29078044,0.80365747,1.00170655,0.530279,-2.04436639,-1.35785574,-0.02013292,0.44472518,1.05222428,0.01559959,0.69623601,-0.27437201,-0.57654635
cholesterol,-0.351741806,1.30425878,-0.435231212,2.564772661,0.051292809,1.011877113,0.375506313,-0.643667243,-2.569742923,-0.969444828,-0.00753884,0.647345174,-1.058434129,1.035090888,-0.195602372,0.681005409,0.045916052,1.010337012,-0.676223309,-0.610212659,0.85505753,0.079768236,0.510918038,0.600321016,-2.194983841,-0.285371505,0.199863397,-0.90478154,0.342151578,-0.340019663,-1.031715361,0.008953229,0.950275996
cholesterol sulfate,0.05107633,-0.47133446,-0.51074517,-0.34675805,0.67800652,-0.96663409,1.97056283,-0.76069804,-0.09887552,-1.06970654,0.31248518,0.97217518,0.59518194,-0.84632743,-0.70406266,1.32119545,-0.89137396,0.62856479,2.52371251,-1.96954615,0.94835052,1.74188372,-0.12190172,-0.32500099,-0.85087077,-1.5470157,-0.077878,-0.5625333,-0.61107949,0.19402894,0.72855509,-0.24418412,0.31074714
Cholic acid,-0.26001537,0.35292515,1.45579958,0.11058984,1.51491079,1.22935136,-2.98868231,1.77438214,0.0668536,0.19459805,0.25418623,-0.27849823,-1.6043956,0.40900322,-0.17645899,0.04062063,-0.37333395,0.86349835,0.33056985,-0.92710924,-0.60972051,-0.49844919,-0.25193656,0.17250913,0.32508036,-0.07891743,0.86157633,0.78622734,0.49922305,0.0871515,-0.59637685,-0.20822871,-2.47693355
choline,0.16656111,0.398360511,-0.296843648,0.034643021,0.038297477,-0.297016185,-0.304626025,-0.102763961,-0.371681681,-0.226341767,-0.606631274,0.121729279,5.262148603,0.44378973,-0.291263867,0.169950422,-0.900082678,-0.067564633,-0.240368423,-0.617131221,-0.190930473,-0.738312756,-0.209907873,0.00996677,-0.515823187,-0.411525065,-0.045957,0.134669731,0.527301115,-0.060006116,-0.359938405,-0.460578934,0.007877404
Citraconic acid,1.10295529,1.89554659,1.72534875,1.18601055,-0.50449184,-0.33852091,-1.9700926,1.04661489,-0.21704306,0.42725806,-0.85558854,-0.90744869,-0.86640268,-0.22568296,0.91376174,-0.24732426,-0.09690561,0.4313064,0.56287451,-2.21322849,-0.82506263,-0.73393973,0.74563753,-1.36778249,-1.39464109,0.12148146,0.80524321,0.29116764,0.82104918,0.34787614,-0.81667102,0.79906885,0.3576258
citrate,1.33098764,2.04437045,-1.6396549,1.5340068,0.01593741,-0.05380897,-1.88446459,1.1546736,0.55883929,0.70741082,-1.2632418,-1.15023706,-0.7962779,-0.14367113,-0.14141934,-0.5773173,-0.27729733,0.31682916,0.44353763,-2.05335765,-0.77283794,-0.5399057,0.86998105,-1.26544912,-0.2189096,1.42294036,0.58504546,0.06183803,0.39726799,0.54057136,-0.28717252,0.60193903,0.47884677
citrate-isocitrate,1.465132749,1.811073241,-1.809786428,1.338005225,-0.294609204,0.776830725,-1.98036601,1.024707102,0.39770716,0.540384516,-0.412132588,-1.273882251,-1.016483089,-0.373906733,-0.196348429,-0.637216565,-0.366172609,0.167524326,0.400115336,-2.215230724,-0.855615033,0.354954887,0.876299705,-1.197577611,-0.003309139,1.339074636,0.548541852,0.820360279,0.310549783,0.312841246,-0.646254006,0.377985817,0.416801837
citrulline,0.58508351,1.24464286,2.33014723,-0.16160135,-0.38741407,-1.40695249,0.12406045,-1.41626881,0.96149534,1.262255,0.39338029,1.28918239,-1.66646222,0.06041588,-0.32700462,-0.29132544,-0.21129708,0.19658197,-0.43689801,-0.83414148,-0.15405769,0.37923024,1.63485745,-2.00502747,-1.55432501,0.89988324,-0.39815431,-0.01328241,0.12819219,0.43281295,0.79656379,-0.93221032,-0.52236198
CMP,-0.60297701,-0.12339341,0.97034757,-0.36374095,0.46590553,-0.13790573,-0.32560395,-0.0192601,0.58917541,-0.04422218,0.46936998,-0.92076427,1.45284297,-2.46711011,0.89130624,-0.33897535,3.4785306,1.06612945,-0.54988544,0.10241716,-1.1149024,-1.38214194,-0.4771057,-0.3119366,-0.68495344,-0.12214245,-0.26993885,-0.54307505,0.15767277,-0.08786996,-0.15126992,0.07646043,1.31901673
coenzyme A,1.39644507,0.83139603,0.47987863,0.87127116,0.46425412,-1.76468816,-0.4826955,-0.03362413,0.46459309,-1.75031478,0.49291857,-0.39574566,0.47504972,-1.61395009,0.39778464,0.29072281,1.05596798,0.99584725,0.70088114,0.68303802,-1.74311237,-0.34175296,0.70724018,-1.70224355,-0.11789431,1.15166781,-1.71362149,-1.67686881,0.64830667,0.73467833,0.6126742,-0.10709114,-0.01101248
creatine,0.736735236,1.348220344,-0.510682895,0.046427312,0.613174939,0.225659077,-1.674451349,-0.738835601,-0.932580233,0.774312252,0.908371167,-0.44843594,-0.172561478,0.68970118,-0.372729476,1.807755765,0.003531739,0.458031445,0.155075003,-0.557246325,0.567578212,0.291214438,-1.008982633,0.658384163,-1.883204622,-0.739141966,-0.152086957,0.055693299,1.842645051,0.146103125,-2.877405726,-0.221957672,0.961689128
Creatinine,-0.10518588,-0.34602393,-1.1215891,1.90658421,1.4959184,-1.90044169,1.85793588,-0.60817051,0.80683684,-0.69883063,0.25831244,-0.90991088,-1.73306364,-0.46535818,0.27796492,0.19928864,-0.70832393,-0.39570053,-0.77264161,-0.48398625,0.46406423,-0.64113803,0.16404539,0.46290722,-0.36038028,1.83684024,0.26413949,-0.15519409,1.19500719,-1.5964092,-0.04710515,0.56158155,1.29802688
CTP,1.435698899,0.846588665,1.50122314,-0.005801205,0.475794242,0.374424829,-0.610931595,0.853965069,-1.296300272,0.673522712,1.125803203,1.528545749,-0.504327871,-0.91981282,-1.09400894,-0.437602604,-0.878169408,0.953279235,-1.481090826,-0.148912642,1.003454917,0.167852075,1.325071848,-1.409872942,-0.161349886,-0.954093203,-1.193039141,-0.880887356,-1.723385537,1.111138665,0.865190919,0.154749227,-0.696717145
cyclic bis(3->5) dimeric GMP,-0.17025713,-0.09448012,-0.32172042,-0.21337833,-0.21218381,-0.32177681,-0.32426373,-0.25829052,-0.34617726,-0.29867957,-0.42295006,-0.18491202,-0.56261346,-0.07962802,-0.31989692,-0.1691492,-0.5188202,4.50591622,-0.30326373,-0.42638076,-0.28710637,-0.46597297,-0.29330864,-0.22144414,-0.39327884,-0.35919747,-0.23972328,-0.180682,-0.05232502,-0.24431526,-0.34233967,1.68414868,2.43845083
cyclic-AMP,-0.724870303,0.609663211,-0.881487483,0.671961841,0.212785349,-1.744879528,0.241562028,-1.076646001,-3.553489351,1.599331634,-0.846022119,0.176896463,0.38164567,-0.270875572,1.837108652,0.412650966,0.904926522,0.024554069,-0.788314533,-0.88995826,0.322930155,-0.135250783,-0.001075758,-0.19140826,-0.044523894,0.801605099,1.189680364,-0.061133302,0.867948955,0.166281016,0.344624413,0.678192022,-0.234413279
cystathionine,1.07208733,0.27972518,-0.88223169,-0.1250459,0.75713413,-1.15420933,1.21179504,-1.15351782,2.20498722,0.59124021,-0.26407976,0.58979441,-0.16122336,-0.75754243,0.62815179,-0.38241019,-0.63551535,-1.90228989,0.32959421,-0.54122612,1.54617339,1.37282154,0.11545675,-0.83369548,-1.31481449,1.38906448,-0.33966989,-0.59608354,0.07699255,-2.00799094,-0.37150502,0.62314306,0.63488989
cysteine,0.71254554,-0.15930498,0.20368898,1.43160241,0.11163513,0.77311143,-0.17828273,-0.27145307,-0.63646251,0.100253,2.20250306,1.07636592,-0.88535484,-0.03973486,-2.95827382,0.84284814,-0.37314723,0.12067262,-0.54762991,-1.51417461,1.0937453,-0.50757007,-0.45723985,0.11951599,-0.45585809,0.78429032,0.26790711,-0.09120814,-1.18803048,0.29782687,1.24867956,-1.78059809,0.6571319
Cystine,-0.3436302,1.28000663,1.84144408,-0.16875325,-0.67710501,0.4813057,0.28024071,1.22444463,0.78710311,-0.86819624,0.07446414,-0.20670218,-0.40141069,0.20447489,0.33596578,0.30326563,-0.33346278,-0.15621996,-0.03172661,-2.15736333,-0.44056917,-1.44084122,0.85350877,0.11185439,0.65260547,1.62672898,0.19988217,-0.33050434,0.72778389,0.02396546,0.11198767,-0.23182479,-3.3327223
cytidine,0.60410606,-3.10016385,0.30185493,0.1540126,0.10277467,0.40887173,0.04972828,-2.49672039,1.20861635,0.45272948,0.57624436,0.43697894,0.37248177,0.55588484,-1.98325301,0.70053908,0.46094991,0.80596951,0.16230983,0.30760577,-2.2603947,0.60410606,0.60633162,0.36986935,0.58699195,0.40855636,0.22355354,-0.3175369,-0.12799417,0.1609551,0.50031205,-0.12787804,-0.70839309
cytosine,0.5806918,0.5872526,1.2763577,0.9137563,0.2747595,-1.0334577,0.4886513,0.9689573,1.2785427,-0.3114513,-0.6549517,-0.3041242,-2.7525112,1.1806079,-1.0614556,-1.4780953,-1.549806,-1.1954095,-0.413019,-1.5390231,1.378121,-0.2158207,0.590934,0.4151157,0.2930277,-0.1263453,0.4881229,0.8414754,1.1929135,0.2854739,-0.737395,0.2280162,0.1100883
dAMP,0.03738788,-1.72294716,1.48513589,-1.24054489,-1.11991611,0.10854382,0.15807078,-1.9018903,0.53215112,0.42377906,0.8408472,0.02080067,1.4905415,-0.49779512,-0.26516576,-0.73099362,2.4302872,-0.67650481,-0.0341274,-0.8763778,1.0282606,0.10239569,-1.1999083,0.5522166,-0.37843163,1.51909251,0.58633686,0.70447229,1.07889922,-0.7831665,-0.4813823,-0.89424697,-0.29582023
dehydroascorbic acid,0.12663283,-1.39530508,2.0457024,-0.06687359,-0.76830626,-0.29056508,-0.77227772,-0.22909614,0.39612595,0.89376226,0.45626737,0.11541648,0.04209401,-0.19756622,-0.05950381,0.62238162,-0.05421063,1.15351856,1.43314644,-0.29103337,1.95656851,-1.17403166,1.13368584,-0.73807354,0.91187525,0.25660462,0.06646657,-0.86020619,-0.88082082,0.33735498,0.03748025,-1.38827889,-2.81893491
deoxyadenosine,-0.43959055,0.68049543,-0.88187693,0.80513041,0.30699502,-0.90296343,2.47748816,-0.69558131,1.52170094,1.1584891,0.54813596,0.12205272,-1.70553875,-1.95269189,-0.25205031,-0.20231304,0.14580581,0.35277325,-0.10922685,-0.58991658,0.04817183,-1.06341878,1.27333014,-0.10047834,0.06823798,2.01626283,0.4588482,-0.5538406,0.48636483,-1.36133405,-0.5583502,0.05016393,-1.15127494
Deoxycholic acid,0.73155939,0.60299232,-0.72748796,-0.66608128,0.46666529,-0.99725469,-0.84751654,0.19571734,0.31211918,-2.41757442,0.41815213,-0.12360766,0.62050475,-0.80258038,0.60941061,0.64265659,0.98957208,0.04094019,-1.07804486,-0.30932807,0.68940516,0.25257212,-2.41473583,-0.56564404,0.88952753,0.71839915,0.50717162,2.22799779,-0.34648524,1.71402873,0.11387412,-0.15837911,-1.28854601
deoxyinosine,0.06809693,-0.01599088,1.94057155,1.00206928,-0.14800992,-1.03908218,0.82491904,0.76630062,0.89420431,-0.52891964,-1.00447204,-0.23732438,-1.67325501,1.37470786,0.51091036,0.18098913,-0.78302543,-0.80827985,0.38321609,-0.70463553,0.39688266,1.08043737,0.86909595,0.11268575,-1.0488273,0.67533905,0.30585333,0.24984433,0.85876535,-1.28586976,-0.65685005,0.43926507,-2.99961206
deoxyribose-phosphate,1.45236253,0.68019956,-1.12499443,1.17354884,-0.71522692,-1.39578798,0.39199079,-1.69209707,1.17650019,0.38615966,-0.44826578,-0.69309077,0.88262902,0.15937292,-1.52777347,-0.03728971,2.32414864,-0.55262021,-1.00215874,0.72424309,0.21598108,-1.01599064,-0.08325194,0.74828188,-1.0265602,0.27873362,-0.38243668,0.79217191,0.57314267,-0.26251195,1.74539804,-0.55534125,-1.18946669
D-erythrose-4-phosphate,1.669122844,1.87201256,1.20290211,0.737162031,1.269160078,0.502172923,0.856450278,-0.169199169,-1.455578532,0.627917915,-0.934555232,0.907622904,-1.656690317,-0.285171618,-2.094498592,-1.458068309,-1.240831142,-0.079194008,-1.095950455,-0.667033156,0.655476473,0.643812309,-0.111230922,-0.374190067,0.394786475,0.020987295,-0.957692497,-0.178624407,-0.117316673,-0.009704066,1.184758601,-0.452119542,0.793303911
D-glucarate,-2.02070084,-1.64869042,-0.06860814,0.18781343,1.16427014,-0.76564668,1.39397589,-1.34801476,2.10566467,0.07087363,0.16896646,0.04540481,-0.60962111,0.87256351,0.20510384,0.35454686,0.44406356,0.14687778,-0.26118241,-0.79417264,-0.12140974,0.30240763,0.35142568,-0.09262521,-1.18787805,1.24879577,1.08791223,-1.39108369,1.23980504,-0.35812562,0.371859,0.87370986,-1.96828047
D-gluconate,-0.91634101,-1.51030519,-1.12736385,-1.0813587,1.14975494,-1.60207808,0.78493293,-1.02675089,2.11101018,0.60981601,0.80593329,-0.400176,0.56504083,-0.49878333,0.38719686,0.421607,1.35574197,0.52916095,-0.65314949,-0.16815844,-0.19091657,-0.29951887,-0.01767287,-1.19183439,-0.5330434,1.45905698,0.34480233,-1.21170115,0.60981601,0.6892033,-0.19963276,1.9863909,-1.18067951
"D-glucono-1,5-lactone-6-phosphate",0.640456383,0.18234395,0.123273657,0.015446602,1.043578874,0.182494232,0.498682225,-0.344771367,-1.868237624,0.831601628,-0.624464199,1.738829832,-1.396394595,0.060043141,-2.641797866,-1.076934358,-0.770933762,-0.926730468,-1.674245813,0.264457171,0.426026184,1.689828171,0.81885663,1.165899228,0.67278364,-0.23347698,-0.081918349,-0.544137453,0.009430116,0.568521999,1.345057769,-0.155355377,0.06178678
D-glyceraldehdye-3-phosphate,0.52729784,0.68992946,0.27318094,0.05235658,-0.34618271,-0.47251988,-0.30382804,-0.5659392,-1.01722448,-0.26154771,0.09527084,0.42812671,4.43033076,-0.22498239,-0.73620828,-0.37057608,-0.46475906,1.82337398,-0.7558003,-0.40603729,-0.31829117,0.64482587,-0.30552784,-0.42741789,-0.48274448,-0.63960052,-0.77968847,-0.38495019,-0.49492374,-0.44228987,0.37013065,-0.38502094,1.25123692
dihydroorotate,-1.49945811,-1.02880137,-1.76711933,-2.36017593,0.51385324,-0.56230388,0.29291858,0.21414735,-0.05724149,-0.05924444,0.25468909,0.41339533,-0.18447239,1.2587643,0.35581205,0.2366721,-0.62667342,0.86645945,1.29661703,0.36916827,0.60145434,0.51134454,-2.44559575,-0.93969547,-0.60453167,-0.22445945,0.25312474,0.0183292,1.47676153,1.30136643,0.83355808,-0.03001505,1.32135213
dimethylglycine,-1.2296486,-0.32145764,1.05935678,0.05876915,-0.87866674,0.69031341,1.47874556,0.97686544,0.4133549,2.47634266,-1.16243601,-0.72985891,-1.65612091,0.21626585,0.54321115,-1.35114103,0.08395848,-0.97928133,0.44793324,-0.36247034,-1.07472226,-0.55938179,1.34079728,-0.24843325,1.95046624,1.3268042,-0.33354172,-0.52119382,0.12146116,-0.88266436,-0.13208931,-0.60189329,-0.15964419
DL-Pipecolic acid,-0.83596929,0.07890262,-0.02682099,0.63505463,-0.23522653,-1.07901686,0.47766849,-0.3056058,-0.07069349,1.12367274,-0.781635,-0.01730453,-1.35031191,0.58707762,-0.65421351,-0.01783846,-1.82040533,0.01237408,-0.32830572,0.04544126,-0.43465992,0.81760529,0.51109622,-0.2312139,-1.75260962,1.6783143,2.00401779,0.07321354,3.04436457,-0.93522238,-0.2731628,-0.24264879,0.30406169
D-sedoheptulose-1-7-phosphate,1.326174,1.3747472,1.3614533,0.4020906,1.1171363,0.278384,-0.1551211,0.5634431,-1.199514,0.6789646,-0.4113492,1.2723805,-1.9630281,-0.2742656,-2.8276713,-0.3412276,-0.7514789,-0.5943051,-0.2109679,-0.6007046,0.5720541,0.4450218,0.6102388,0.1756254,0.1903089,-1.0636487,-0.8924366,0.1099565,-0.3800513,0.5862552,1.8516411,-0.5406699,-0.7094355
dTDP,1.02445118,0.96714761,0.29715055,-0.76943543,-0.23744033,0.67533642,-1.68184886,0.84995995,-0.42781632,0.4564282,-1.61426119,0.78009557,2.12064344,1.10263819,-2.24429018,0.41106973,-0.63713085,-1.04450487,-0.05538777,-0.22804019,0.40956607,0.28422472,-0.10014661,-0.18016351,-0.04132087,-0.37997636,-0.92126786,0.04882905,0.44503622,0.32278893,2.06646049,0.12299926,-1.82179436
ethanolamine,0.24667677,-0.9752564,-0.02811619,0.45010579,0.34312464,0.03183375,-0.24286701,0.48624761,0.4724177,0.47299718,0.51086158,1.20847939,-1.08997829,1.88930209,-0.28808508,-0.62199864,-1.42123941,-0.76313346,-1.13582999,-1.05993855,-0.63302747,-2.34436279,-0.2539395,1.22666054,-0.22790246,-1.08596654,0.65376891,1.4143442,2.07687005,0.97903858,-0.23424737,-0.89603689,0.83919729
FMN,0.632803824,0.846377259,-0.020098188,-0.003996982,-0.408430282,0.380424542,0.260403068,0.44177672,-2.709984006,0.658856185,-0.860007866,0.853981031,1.488004548,0.663957045,-0.193314384,-2.544719791,-0.374810879,-0.21538858,0.027771407,-0.588487425,0.623407986,0.122024719,0.614948446,0.635257203,0.257134141,-2.722140297,-0.113876959,0.50440843,0.51506214,-0.118374658,1.162498732,0.717888155,-0.533355284
"fructose-1,6-bisphosphate",1.129085573,1.347340013,1.011317213,0.569022624,0.848512341,0.366641482,-0.634370187,-0.001625196,-0.566295022,0.915802847,-0.53025523,1.202685388,-2.404721517,0.314565026,-2.491214225,-0.972708856,-0.602481937,-0.863144375,-0.167407952,-0.526752816,0.812268218,0.592159707,0.4801991,0.250732597,-0.115440524,-1.102283,-0.70220336,-0.059443105,0.332165998,0.468873653,2.060477685,0.191988019,-1.153490181
fructose-6-phosphate,-0.93787011,-1.59818846,-0.95503306,-0.91064301,0.02678084,-0.16727869,-0.42808255,0.19173591,0.95520071,0.32818296,1.81578903,-0.1610227,0.52455811,-0.68224231,0.42837158,-0.43934737,1.70578908,2.4686528,-1.69002994,-0.90010618,-0.09949324,0.30805091,-1.15413492,0.64260463,-0.2962222,0.90624869,0.01839674,-0.41495278,-0.13230382,-0.4711101,-0.6693901,-0.37724045,2.16433
fumarate,0.91932184,0.74908678,0.0467459,0.21484405,0.77095557,0.37478983,0.86394894,-1.03130257,-1.03130257,1.96720179,0.48402126,1.94067265,-0.37011887,-0.52365763,-0.55081291,-1.77014633,-1.31012546,-1.20334246,0.03403429,-0.58986735,0.72873382,0.24038441,-0.05936859,0.94602506,0.96845114,-1.19233568,-1.86076496,-0.61486876,0.91723696,0.4644172,1.20190356,-0.98201983,-0.74274108
glucosamine,-1.12664038,-0.6220521,1.76403509,-0.40998524,-0.66848541,-1.18954387,-0.14799282,0.68757284,-2.72337686,1.23542417,1.1735392,-0.47903954,0.63176388,0.02335095,0.02374259,0.0281468,0.62494751,0.63256856,0.14613225,-0.12480703,0.34087682,1.50422991,1.0073947,-0.20997896,-0.63029966,0.90141869,0.85531214,-0.30568083,1.02601806,-1.87175255,0.27786958,-1.14725519,-1.22745333
glucose-1-phosphate,0.8000237,1.1036153,0.52957955,0.69940882,0.44270592,0.12837704,0.15705229,0.38509223,0.04735666,0.34310901,0.0502306,0.28245516,3.15131205,0.24160474,-0.55602599,-1.26692684,-2.32769795,-1.14568278,-1.52076861,-0.14982347,-1.50681593,-0.10698341,0.46974378,0.57052467,0.28330132,-0.13420861,0.2928156,0.78264887,0.48692381,0.51055062,-1.18801398,-1.45694581,-0.39853838
glucose-6-phosphate,-0.8949001,-0.6991031,-2.0241844,-0.8563738,0.5673554,-0.1134122,-0.1264209,-0.2163999,0.1068367,0.8316446,-0.246403,-0.4572432,0.4492565,-0.2951476,0.028936,0.1863672,1.4361445,2.8696143,-0.8857583,-1.3496128,-0.8028751,0.261228,-0.9322045,-0.4154141,0.3158522,1.3837394,0.5396598,-0.5297258,0.3515694,-0.416715,-0.3391488,-0.2681525,2.5409913
glutamate,0.57272334,-1.09295161,0.01665246,0.60085501,0.58760928,-1.45127793,2.05916094,0.23641704,1.99783854,-1.40907377,-0.05512804,-0.66014543,1.30011466,-0.3317233,-0.13459379,-0.10674865,0.49704151,-0.77831885,-0.61841105,0.61406869,-1.23663978,0.02623468,0.42881831,-0.30359758,1.05636293,1.66628259,-0.41726575,-2.24359986,0.37169158,-0.00486192,-1.50683312,-0.10939158,0.42869044
glutamine,-0.61599804,-0.06240531,-0.17804882,0.82788453,-0.2528716,-0.84587436,0.46948055,-0.02889622,0.0107418,1.02996045,-1.0800977,-0.19856612,-1.33486135,0.41742662,-0.11443191,-0.02033171,-1.84299308,-0.01775675,-0.3939834,-0.35153785,-0.54647786,0.88233391,0.58614876,-0.18456535,-1.44351353,1.93378513,1.76680104,0.25355082,3.19689746,-0.99901373,-0.28202633,-0.45810543,-0.12265464
glutathione_pos,0.42677664,0.76786313,-0.5633845,-0.98277415,1.00434689,-0.68041505,-0.66033487,-0.36675143,-0.32757161,0.49222847,1.0330646,1.01825101,0.19908155,0.49604107,-0.87904352,0.42420026,1.06528022,3.29113975,0.03737571,0.27941472,-0.39206632,-0.36813337,-0.75748812,-0.17862549,-2.0102402,-0.12717732,-2.21184089,-1.2373363,0.8269511,0.28290161,0.03093831,0.13939855,-0.07207046
glycerate,-0.77786953,-0.56419782,-1.21462047,-0.85136568,-0.4245599,-0.67389485,-1.52706603,0.0177348,0.17826883,0.06177215,0.3347983,1.51095941,0.08059719,0.16468014,1.25705788,1.5565595,-0.37037664,2.3559135,1.63451646,1.56238869,0.69734824,0.91086889,-1.46751065,-0.22949295,-0.82319835,-1.71801475,0.04507051,-0.13224276,0.35042531,-0.64432688,-0.32376501,-0.06884388,-0.90761366
Glycerophosphocholine,-0.4947893,-0.22375702,-0.60740801,-0.35777495,-0.60317994,-0.80677813,-0.4870906,-1.08045435,-0.56693805,-0.9147042,0.91076115,1.04239729,3.58003474,0.17281996,0.58089626,0.96255856,1.41569027,0.03543221,0.49396909,0.10318305,0.52868626,1.06210999,-1.06381798,-1.15536734,-1.56048738,-0.84287814,-0.318778,-0.41277563,-0.34103248,-0.71905263,1.12545852,0.22215314,0.32091361
glycolate,-0.4653803,0.8851351,-1.8364993,0.161089,-0.529097,0.5810663,-0.5774852,-0.2371805,1.2606462,-0.1327361,0.3111753,0.4650662,-2.2670399,0.8768907,-0.057714,2.0313491,-1.1840611,-0.1021885,0.6609961,-0.3102229,0.6130244,-1.0608422,-0.1080411,0.7261413,-0.1841957,1.2094707,1.1556777,-0.191175,0.9809965,0.3113389,-1.0314896,0.3914987,-2.3462139
glyoxylate,-0.09819954,-0.2261137,-2.43050215,-0.57044352,-0.70468755,-0.19439784,-0.58234586,0.43349455,-1.41109583,2.16357691,-0.3212648,-0.4343066,0.23293439,-0.2234878,1.1685137,0.62709476,2.04482489,1.26026835,0.34512964,-0.32833962,-0.22375116,0.17112207,0.17414071,0.649233,-0.13425358,-0.56413863,0.83069547,1.02943282,0.88497046,-1.93402393,-0.83156175,-1.31428063,0.51176276
Guanidoacetic acid,-0.63252715,0.08508748,-1.9740621,1.17414268,0.70941159,-0.70455357,2.44122081,-1.44597218,1.78478314,-0.21759199,0.42264591,-0.1673574,-1.73995814,0.54116193,-0.13982447,0.80936113,-0.05302997,-0.46236833,-0.89080266,0.39369977,-1.19146656,-0.98709717,-0.16419842,-0.38112787,0.32168828,1.65554812,0.62605951,-1.161941,0.65333424,-0.10611019,-0.48703677,0.71198286,0.5768985
guanine,1.19417702,1.03786377,0.5717761,0.59275756,-0.22593593,-0.27108698,1.14404071,-0.29676524,1.15889394,-0.39545585,0.76067242,-0.71223031,-0.60419485,-1.34583501,0.96293385,-0.97319486,1.65060875,-0.53760384,-1.84347648,0.35192911,-0.793522,0.19318095,0.75553337,-1.39524671,0.70106714,1.78383962,-0.40228305,-1.34567962,-0.38571099,-2.12449329,0.78472718,0.09490509,-0.08619154
"guanosine 5-diphosphate,3-diphosphate",0.02295432,0.22147114,0.20799048,-1.92373553,1.70209992,-0.65752247,0.80290912,-0.62554981,-0.72406344,1.13927241,-0.44014485,0.47163041,-2.1009701,-1.55656921,-2.21607472,0.51456092,0.44725213,1.90598096,0.14132904,-0.07876848,0.90437248,-0.18758293,0.28557006,-0.99307753,-0.23495362,-0.36264338,-0.72485436,0.5942227,1.05360482,0.83306353,0.66028945,0.66321828,0.25471827
hexose-phosphate,1.54301422,0.11054551,-1.07535834,-0.1408474,-0.87150865,-0.07909893,-1.06257598,0.33352159,1.96822762,-0.38739746,1.20013346,-0.98709331,2.59485945,-0.90751248,-0.49668066,-0.29836942,2.32546731,0.44590303,0.03971609,-0.67564498,-1.21356943,-0.62556057,-1.13909662,-0.52767347,-1.06009153,0.07061784,-0.01549676,0.08022218,0.42167435,0.78734531,-0.40221312,-0.47401556,0.51855673
histidine,1.080261275,0.789745504,1.830544184,0.008142613,-0.185882809,-1.107116824,0.71756929,0.556626053,0.977769893,1.124647435,-0.084142424,0.978601391,-2.254985052,0.646551701,-0.582368221,-0.582465259,-1.847883748,0.035369275,0.223879329,-0.797517997,-0.515606825,0.468193258,0.870253725,-0.384297078,-0.611904956,1.307375932,0.791322677,-1.687383127,0.927678878,-1.461130038,0.057782667,-0.131643145,-1.157987575
HMG-CoA_pos,-0.0160347,0.13212638,-0.31208514,3.93090752,-0.09799803,-0.31219532,-0.31705509,-0.18812157,-0.35987509,-0.26705845,-0.50986564,-0.04468494,-0.78260344,0.16116882,-0.30852176,-0.01386866,-0.69710143,-0.1656347,-0.27601714,-0.51656713,-0.24444067,-0.5938995,-0.25656202,-0.11609994,-0.45190231,-0.3853156,-0.15183018,-0.0364154,0.2145609,-0.16080582,-0.35237651,3.61360746,-0.11743491
homocysteic acid,1.42042778,0.65644158,0.59247587,0.30975627,0.52195662,-0.12456781,0.10257931,-0.27151644,-0.98801422,0.21109228,-0.29491928,1.45120119,-0.54549609,0.38716709,-3.51129336,1.17684644,-0.40175232,1.40289116,-0.09283809,-0.75884758,0.58686439,0.54286122,0.64008861,-0.05070833,0.13480278,-1.35538449,-1.06910898,-0.44949916,-0.24386872,-0.27814151,1.36305146,0.42427172,-1.48881938
Hydroxyisocaproic acid,1.45574832,1.82309525,0.83440044,-0.25412537,0.44463728,0.19227924,0.07129237,-0.52476673,-1.11043141,0.70626352,-0.03498307,1.23692953,-2.11066032,0.23931024,-1.3268209,-1.26474872,-1.49137548,-0.26967681,-0.42766735,-1.36044194,0.83351099,0.32797405,0.33499105,-0.34394374,-0.27754841,-0.88020256,-1.46552917,0.41644509,0.37583365,0.76139653,1.85269601,0.02984148,1.20627693
hydroxyphenylpyruvate,0.14758526,0.244162412,-1.944078415,0.865473212,-0.867556286,1.932296831,-1.887587804,-0.559876127,-0.002497932,0.503626005,0.383793061,0.091575397,0.138389662,-0.758424799,-1.013814528,-0.704118689,0.678906602,-0.300178906,-0.296896236,-0.501312475,0.854962003,0.577162281,1.036765082,1.042379574,2.304987253,-0.408838145,0.014264436,0.356991419,1.32977391,-0.486684593,-1.811694097,-1.1968609,0.237325529
hydroxyproline,-1.684019238,0.272111516,1.558911473,-0.158328477,1.495945461,0.506420627,0.545646528,1.049430073,-0.946914133,0.470858228,-1.819308652,-0.265339664,-2.821871931,0.544420265,0.5680695,-0.33100742,-0.190081663,0.027723724,1.136211488,-0.758878935,1.154758147,-0.672730573,0.359277694,0.76506848,0.360724072,0.363445074,0.255915646,-0.003578136,-0.465534529,-0.655011309,1.406503818,-0.868358582,-1.200478575
hypoxanthine,0.29692784,-1.35033974,-1.58170123,1.15656212,0.68945045,-1.28910054,1.12217038,0.88142451,-0.47529469,-1.4299108,0.51253868,1.1179355,0.64737754,-0.11200164,0.14629686,-0.14612517,0.50068559,0.18479248,-1.19926382,0.76093347,0.25913736,0.63417963,0.7322225,0.15056654,-3.21783116,-0.04897797,0.99294694,0.06344221,0.84089721,-1.41988798,-0.25643409,0.38271215,0.4536689
IDP,0.52327548,1.13975888,0.77761498,0.67197633,0.51887063,0.55902087,-3.02788592,-1.00753873,0.15601512,0.95038014,0.28748112,0.73796394,1.21632415,0.39473356,-0.8332576,0.19183182,-0.55440842,0.5258292,-0.09971412,-0.1019921,-1.38046713,0.58315811,1.1968039,-0.61937128,-0.38590291,-1.87184899,-0.331687,-0.20412551,-0.6942629,0.53115469,1.25411535,0.72640319,-1.83024883
Imidazoleacetic acid,0.177683121,-1.784121772,-0.894020824,-0.527469893,-0.472910046,-0.773862767,-0.527910158,0.805641423,-1.867050172,1.609397927,1.116675298,0.539573628,1.27010016,-0.296590845,-0.24435107,-0.512055784,2.280218259,0.699463584,0.065220633,-0.673424671,0.117939815,-0.08331906,0.305381135,-0.067106053,-1.711277161,-1.705456662,1.38254282,0.008263372,0.824882494,-0.732745228,0.344857145,0.448823507,0.877007844
indole,0.90470719,0.41128998,1.09971023,0.79925243,-0.75469564,0.02377297,-0.80782226,1.29788333,0.2741731,1.54097188,-0.10722456,-0.24755191,-1.70507109,0.98277294,-0.34593984,-0.30485946,-1.93580461,0.10371024,-0.21674119,-1.2885014,0.68342396,-0.7875889,0.62855375,-1.17422918,0.30002015,2.60211355,-0.05872854,-1.24070985,0.76331297,-1.18611311,0.34505377,0.26179409,-0.86093501
Indole-3-carboxylic acid,0.34035734,-1.22425396,-1.09021883,1.35014391,1.31925352,-0.84338578,1.73068373,-1.2341523,1.65014964,-0.08640203,-1.0320801,-0.61522628,-1.04017508,-0.64490939,0.07695689,0.47705998,-0.39560613,0.78957363,-0.53138985,0.06652027,-0.08700793,-1.04036536,-1.94178129,0.56007386,0.25905051,1.96385123,-0.08338891,-1.03193544,0.7529479,0.25869602,-0.71734928,1.1309352,0.91337433
Indoleacrylic acid,0.75644063,-0.13526315,-0.51544105,0.88571392,-1.20205896,-0.06614848,-1.97665176,1.52794126,0.66127642,-0.09049069,-0.77873413,0.03547127,-1.09424778,2.52566055,1.04509593,-0.61576519,0.67366473,1.0359813,0.02954882,-0.19390468,0.18469708,0.56141105,0.6660643,-0.63532677,-2.03975072,-0.78953074,-1.37693201,0.7061358,0.54131031,-1.30301468,0.73636055,-0.05963569,0.30012257
inosine,-0.29877156,-1.74915804,-1.12324657,0.36437412,-0.86574862,-0.5535094,-0.33527881,0.8779395,-1.34690427,-0.39609949,-0.13876665,0.66934832,3.83907023,1.7480169,-1.61380658,-0.2192631,0.30166701,0.76392516,-0.0465567,0.2059791,-0.72964512,0.12963666,0.38488755,-0.28901996,-0.26815347,-0.72155097,0.59306026,0.20337815,0.25188328,-0.08392305,0.06726605,0.17604469,0.20292538
isocitrate,-0.8584343,-1.0643216,-1.0140502,-1.1118552,1.2220491,-0.5200491,0.1737605,-0.6499942,-1.9779615,1.1317148,0.9683236,0.9408412,0.3072738,0.34855,0.5926603,0.7590436,0.895841,0.8080701,1.2305098,0.5046595,0.7766665,0.575137,-1.2240247,-0.8261268,-1.012296,-1.1168165,-0.1876942,1.0057378,0.7333647,1.4901355,-1.0244055,0.1258447,-2.0021536
itaconic acid,0.47689661,1.39271441,1.2615563,0.85197259,-0.82009507,0.06611037,-2.24463869,1.44885193,0.23254111,0.85150418,-1.24640248,-1.27582737,-1.08319115,-0.37964165,0.31481219,-0.71234159,0.17187742,0.7377088,0.89108221,-2.17697177,-0.44822847,-0.12251219,0.24279125,-1.55038168,-0.9975693,0.80871398,1.35144478,-0.05533776,0.35681226,0.73345988,0.00848372,0.94148428,-0.02767911
Kynurenic acid,-0.34895614,-0.70622957,-1.30993971,-0.91052718,0.05934846,-0.64682088,-0.72049709,-0.87020749,0.90712445,-0.07043258,0.76345252,0.8145103,-3.11457296,1.41747089,0.62273226,0.64350413,-0.48143312,0.752731,0.75810704,-0.06154237,0.84658785,-0.29457898,-0.71921251,-0.73301488,-0.2804563,0.48232261,0.34691289,-0.44747017,0.88993226,-0.6246101,2.69844343,-0.11677755,0.4540995
Kynurenine,-0.60804611,0.31592249,3.52179758,0.3851621,-0.06957977,-0.54372949,0.94132149,-0.41612785,1.71312853,-0.93763153,-1.45019033,0.3460998,-1.33863593,-0.37826534,0.48173016,-0.61671312,-0.95575715,-0.2522908,0.57366859,-1.40361235,1.00261435,-0.33894518,0.09935793,-0.52268884,-1.00492699,0.99324317,0.83874842,0.32785271,0.53507635,-0.93397631,0.14219079,0.14369551,-0.59049287
lactate,-0.2510766,0.6023706,-0.6450814,-1.0191406,-0.1472948,0.9410846,-1.3252469,1.2534123,2.6962742,1.4278587,-0.1745305,-0.8282999,-1.0098082,0.3337251,0.3187485,-0.296866,1.3813839,-0.2082275,-0.6099927,-1.7106119,0.2729861,-0.1633447,-1.0499521,-0.4627615,-1.2574731,0.3872792,-0.5921114,0.626168,2.1518821,-0.5105362,0.5292715,-0.3928596,-0.2672292
L-arginino-succinate,0.65950674,-1.42056908,1.3450763,-0.11385947,1.77816778,-0.92295349,0.63431785,-1.45180536,-1.18177626,1.12162595,-0.52278992,-0.74376866,-1.71984344,0.06006457,-0.72658125,0.05919775,-0.94951718,0.52986248,-0.36166215,-0.36284786,-1.36147145,0.70390273,0.78378277,0.82543794,-1.35250692,0.59515764,1.23328048,-0.35433594,0.22278299,0.47447927,0.97516615,1.97411297,-0.42963393
leucine-isoleucine,-0.2780784,-0.3893756,1.7637176,-1.4438451,0.2253326,1.458294,0.131079,1.4800655,0.2494179,1.4733371,-0.5829873,-1.0955437,-0.6048478,0.5994251,-0.4203906,-0.8463093,0.4055891,0.8321129,1.231357,-1.1036529,0.4334261,-1.5287781,1.5251664,-0.6547321,1.6578257,0.5549013,-0.7468075,-0.2534025,-0.4960494,-1.0286837,-0.1570343,-1.0165724,-1.3739565
malate,0.10999503,0.66893979,0.25507918,-0.27420999,0.97824136,0.04336872,-0.10721499,-0.24161431,-1.27799325,0.98118353,0.1682674,2.05588583,-0.32736685,0.42622047,-2.98694106,-0.40811098,-1.37675684,-0.51254325,-0.46611925,-0.16309048,0.80546659,1.06940419,0.37847177,0.89938484,-0.20502007,-1.77731629,-1.02184492,0.06664691,0.9678812,0.61522211,1.15398973,0.74535069,-1.24285681
Maleic acid,1.06334213,1.30128203,0.02986245,0.53965553,1.1856239,0.54734306,1.71321823,-1.08687486,-0.89344192,0.23418797,0.59174884,2.44296949,-0.84038159,-1.70998689,-0.65942458,-1.29924623,0.42352407,-0.1221442,-0.72765225,0.55293394,0.65388312,0.57039599,-0.13332893,0.53194957,0.08580626,-1.74524294,-0.89591815,-0.52276341,-0.25029903,0.95075321,-0.1448788,-0.98242856,-1.40446744
methionine,0.727737093,0.218018212,0.556027993,-0.495436267,0.114943691,0.237085535,-0.293885777,0.456124711,1.034395084,1.823021372,0.303054145,-0.138317126,-0.750339622,-0.201198487,1.089906961,-1.635632633,-0.638661726,-0.705165706,-0.007957335,-1.302310362,-0.035838447,-0.293856247,0.350382606,-0.385339756,0.534929202,2.913966447,1.115384729,-0.030358749,-0.032356272,-1.996897539,-0.038235734,-0.394306266,-2.098883727
Methionine sulfoxide,-1.22187217,-0.25070992,0.21632172,-1.19437107,-0.01395999,-0.4948421,-0.99078694,0.55602273,0.14266441,1.18057665,0.34129995,0.32404734,1.27848307,-0.61792543,1.41651987,-0.83673813,1.97951539,-0.46131054,0.2100323,0.05155477,0.38116484,-0.10525213,-0.38795157,-0.60029787,0.63154506,2.27579108,1.06053698,0.38278958,-0.30727144,-1.34733265,-0.4775726,-0.47069466,-2.64997656
Methylcysteine,0.6105231,0.2446574,2.07366969,-0.07102009,-1.36407466,0.61732849,-0.67712725,0.57001492,0.42312863,1.79711966,-0.06296512,0.63583668,-1.31125149,-0.66179474,0.01326804,-0.18026941,-1.11226136,-0.97523172,0.71168016,-1.82499829,0.5427379,-0.60564134,1.02757647,-1.34649223,-0.20653219,2.40963726,0.53100251,0.02634645,0.47914803,-0.4774065,-0.14181241,-0.28658963,-1.40820696
Methylmalonic acid,-1.316257125,-0.696134307,-1.455384109,-1.17458767,1.205587117,-0.96856223,0.161039765,-0.343240754,0.333324967,1.406288128,1.204279187,1.414131157,1.770892698,0.652811255,-0.944304784,0.928421417,0.678563982,0.694503336,-0.224915215,-0.071419939,1.65889606,-0.70663618,-0.866003315,0.359457138,-1.581777619,-0.690016119,-0.976190339,0.785868457,0.817476642,-0.052099653,-0.488010563,0.003312505,-1.519313891
methylnicotinamide,0.73876494,-0.91772035,-0.76656923,1.46280555,0.53697195,-0.6991166,1.06998204,1.20342524,-0.26753209,-1.34963514,0.41897797,1.02890562,1.63392824,-1.82161462,-0.73413176,-0.4462364,0.36009888,-0.06618795,-1.43463049,0.14627606,-0.23527003,0.61435571,1.33470643,0.23065064,-2.53995005,-0.0271452,0.4844999,-0.17024486,1.11286163,-1.42774576,-0.07472776,0.2789819,0.32226559
myo-inositol,0.775133268,0.022952428,-1.912269225,-0.024436883,-1.092559231,1.838201514,-2.458606297,-0.808260653,-0.029449092,0.542537368,0.335967556,0.66715911,1.060720106,-0.955161864,-0.81771366,0.035866471,0.462221011,0.010571723,0.005601324,0.002134045,1.151473551,0.453205515,0.271515996,0.348315792,2.283242804,0.006036045,0.087852518,-0.602512438,1.172006526,-0.967897254,-1.710837635,-0.338020597,0.185010158
N6-Acetyl-L-lysine,0.712283968,0.253767954,2.364064149,-0.455943882,-0.012287061,0.10498343,0.786679553,-0.41524976,0.321933962,0.129653725,0.213772408,-0.173648452,-1.196846433,-1.038634468,-0.182471494,-0.339301291,-1.213799256,0.693992138,0.32282883,0.002797898,-0.415987847,0.342485032,0.075827653,-0.561267982,0.198856402,3.099417506,0.354955218,-1.057968106,-0.444814367,-0.691802488,1.356872737,-0.867739249,-2.26741043
N-acetyl spermine,1.32906622,2.42895546,2.33445104,2.38249029,-1.04978547,-0.2014173,0.68863735,0.20474358,0.08932737,-0.4174396,-0.77757322,0.35416709,-1.61947607,-0.32465284,-1.45977733,-0.35147612,0.41301292,-0.38926314,-0.59436761,-1.38045741,-0.89081664,-0.81162206,0.75387932,0.32449867,-0.04410906,-0.19615349,0.08340022,0.06467252,0.1353903,-0.06452126,0.20847319,-0.40769512,-0.81456179
N-acetyl-glucosamine,-1.23047437,0.14766813,-0.68869681,0.64439569,0.85306239,-0.25932227,0.43952579,-1.08198478,1.8840193,0.74223637,-0.88532841,0.91118288,-1.72087292,0.69295216,-1.12998811,-0.57680099,2.53308354,-0.68707362,1.56032238,-1.05758474,-0.21439853,-0.20670443,1.2766697,-0.10547569,-0.77630753,1.11474238,-0.72903938,0.11067987,-0.14404199,-1.11730704,-0.01396374,-0.76695391,0.48177869
N-acetyl-glucosamine-1-phosphate,0.591009341,-0.456083765,1.066486726,-0.768002783,-0.125889323,-0.351963781,0.478935395,-0.003247741,1.245661577,0.555590223,0.233752855,0.560120939,-1.94642082,-0.404527729,-0.047817062,0.842761915,0.192927768,-0.290298361,0.645729032,0.979714464,-0.615249957,0.933393017,0.077970572,-3.897454389,0.760984911,-0.922915343,-0.289362777,1.003637245,-0.657492675,0.409451071,-0.840400652,0.254225362,0.784774747
N-acetyl-glutamate,-0.63270615,0.11517395,-0.07389893,-0.22733768,-1.78573454,-0.21203974,0.31588397,1.23535884,-0.41354349,0.98322589,-1.3406691,-0.41615521,-1.04760854,1.17873148,-0.07708037,-0.07166868,-1.60686317,1.64716111,0.16441709,-0.05432305,-0.17125608,0.84898145,-0.48287082,-0.69098645,-0.50728661,1.93252848,2.14418447,-0.22129885,1.57247285,-1.39674594,-0.52401203,-0.77165491,0.58762083
N-acetyl-glutamine,0.76019358,0.32145386,1.7738918,-0.19827987,-0.03625316,-0.50013831,0.54441387,-0.32605029,0.34564065,-0.33133026,0.46129003,-0.55352755,-0.36239968,-0.90304624,-0.30967779,-0.08227598,-0.97248056,0.39919326,0.35181845,0.0878638,0.15417571,0.69456154,0.07227667,-0.11952539,0.49775057,2.80647523,-0.19841429,-0.29738288,-0.57769114,-0.66801523,1.20707612,-0.39870366,-3.64288286
N-Acetyl-L-alanine_neg,-0.90238756,0.24365804,-0.4334068,-1.62295331,-0.20000368,0.76106558,-1.88378083,-0.73397071,-0.0392151,0.22393691,0.8934427,-1.08887626,2.98349466,1.13394916,0.97537562,1.20208689,1.34621198,0.60120294,0.61115702,-1.09527039,0.83886082,-0.60654584,-0.91270609,-0.28273737,-0.81854904,0.43855682,-0.95079116,-0.49075732,-0.04235425,-0.23118264,-0.20354733,0.88555249,-0.59951594
N-acetyl-L-alanine_pos,0.67381512,1.28306516,-0.47140191,-0.11204153,0.63897519,0.47800645,-1.82075078,-0.79803005,-0.88532248,0.92581067,1.09222458,-0.69678096,-0.40291925,0.62628934,-0.56713257,1.65409234,-0.22258199,0.75245062,-0.04841732,-0.14415098,0.85338225,0.40809628,-1.00447339,0.68844002,-1.86235662,-0.81645002,-0.26582247,0.06987557,1.89626756,0.35677771,-2.60162056,-0.27101648,0.59370047
NAD+_pos,0.515612433,-0.328261779,-1.177204344,-0.974208588,1.014441402,-0.046476952,0.029083499,-1.11714596,0.781520915,-0.154016192,0.670091867,0.664981803,1.077720803,0.378001707,1.502637679,0.29204975,2.728754605,-0.675332187,-1.269063825,-0.067659531,-1.14484497,-0.27081282,0.061107894,-1.93644686,0.002392789,-0.938576185,-0.743715285,-0.243463802,0.439090507,-0.915499053,-0.341800411,0.056559195,2.130481899
NADH_neg,-0.949622569,0.004059968,-1.01726549,0.055287868,-0.968346865,-1.017290672,-1.018401323,-0.988937944,-1.028187816,-0.086868578,1.059036348,0.810798656,1.394419419,1.327336817,0.800943913,1.410329493,1.369509286,-0.983799964,1.127678082,0.113615759,1.234670954,0.93412692,-1.004576898,-0.972482494,-1.049223195,-1.03400259,0.859401885,-0.954278279,-0.896954535,-0.982696648,1.526623546,0.64188545,0.283211495
N-carbamoyl-L-aspartate_neg,0.04329511,0.20943989,1.86648906,-1.02672818,-0.65392666,-0.43572176,-0.23252661,-0.08118887,1.44188129,0.19214915,1.28647789,1.00904521,-0.32532073,0.41612706,-1.17790392,-0.03959137,0.25356041,0.13836437,-1.52487323,-0.84855717,-0.88143738,0.57191082,1.68227376,-2.01604438,-1.43040907,0.09706158,-1.04811431,1.8282468,0.57425589,0.25533516,0.92878842,-1.1783176,0.10595935
N-carbamoyl-L-aspartate_pos,0.87352531,0.26188725,0.52756772,-0.05068169,-1.04129289,-1.49147391,-0.82681129,1.20415395,-0.44851895,0.97945797,0.78393649,0.77415103,0.05416509,0.44331231,0.30083069,-0.64792337,0.91726604,0.45217664,0.61771511,-0.4875014,0.53750439,-1.48519731,0.22381802,-0.14185991,-0.90840237,0.85669864,0.06109752,1.062024,-0.99124313,0.73152955,0.99406458,-0.58792584,-3.54805023
"Ng,NG-dimethyl-L-arginine",0.84351532,0.48724164,1.96766403,0.77811719,-0.62180228,-1.30175225,0.88941117,0.26389622,0.15678925,0.98261919,-0.48139501,-0.33487553,-1.11901666,-0.18345356,-0.2898403,0.12942817,-1.42750739,0.27089036,0.19632553,0.44591921,-0.06149159,1.9211487,0.33819711,-0.51291792,-2.83438216,0.58227054,0.35001512,1.3248788,-0.07395346,-0.24169937,0.25046035,-0.85597496,-1.83872545
nicotinamide,-1.0129268,-0.1809495,-0.4333708,0.2511429,-0.8546651,0.1608069,-1.1271253,0.7826387,0.5454743,-0.8031983,0.6638318,1.3791685,3.1154354,-0.1948506,1.0463139,-0.3212562,1.5125896,-0.6182995,0.1714271,0.3935138,-0.9243322,0.8741441,-1.010325,-1.0372212,-0.2586328,-1.11665,-0.4372946,-0.6557822,-1.0953304,-0.4331433,0.3578233,-0.5959819,1.8570254
nicotinate,-0.73308887,0.84219702,-0.75048574,3.52894047,0.5189778,-0.85912894,-0.66298659,-0.19374898,-0.42723142,-0.16735797,-1.0120887,-0.6684784,1.66508069,-0.93084578,-0.05453251,0.2130904,-0.22016519,-0.68623581,-0.90191766,0.20291794,0.10687915,-0.09430391,1.56683775,-0.02921626,-0.72000275,-1.3074921,0.95873917,1.30420037,0.95543158,0.33250166,-0.84361393,-0.55182913,-0.38104337
O-acetyl-L-serine,-0.4970794,0.05297547,-0.94417314,1.19721119,0.72749768,-1.00381667,1.53358424,-1.25896901,2.16799911,0.28853048,0.28475105,-0.37697869,-1.87800371,-1.13970296,-0.28517604,0.27342813,0.10333019,-0.89084047,-0.63953416,0.30890382,-0.9023885,-1.08702451,-0.33156582,0.69673305,0.81121492,2.07799853,1.15158592,-1.12430976,1.26478894,-0.44270461,-0.70887886,0.41874467,0.15186891
orotate,1.4703813,1.77260331,2.17917835,1.17421466,-0.26063037,-0.44404687,-1.67749423,0.78261282,-0.51434176,0.17525189,-1.01284046,-1.036674,0.35182246,-0.15880779,-0.07418809,-0.72589713,-0.46883794,0.49629847,0.324566,-1.96868306,-0.65361428,-0.46687006,0.52130243,-1.74404951,-1.15633176,0.7695864,0.45377284,-0.17108837,0.43297013,0.46716051,-0.79015585,0.59414287,1.35868708
orotidine-5-phosphate,1.08947848,1.3288279,0.91404502,0.93356135,0.2086988,0.08846952,-2.20349249,-0.82731314,-0.65786679,0.58505364,-0.88105584,0.50321662,2.11820908,0.38693864,-0.73621978,-0.54870158,-0.59944777,-1.23499831,-0.22879064,-0.53673414,1.19668879,-0.04992286,0.03534592,0.29096767,-0.63281943,-1.27596169,-1.05755247,0.01203572,-0.21410065,0.49445973,2.54069923,-0.14388709,-0.89783146
oxaloacetate,0.89765409,1.68376723,0.92472323,0.53096002,0.1105409,-0.95971903,-1.40022697,0.3183209,-2.31719411,1.00209536,-0.92426186,0.53195455,0.50337584,0.25246661,-1.05932577,-1.11684733,-0.59992861,-0.14045374,2.11802155,-1.94562339,0.34553095,0.113464,0.15259914,-0.81950054,0.22978334,-0.71027833,-0.08432423,-0.65378934,0.74453702,-0.02998953,1.42293377,0.98400245,-0.10526817
p-aminobenzoate,-0.86789842,-0.84651952,-0.98718803,-0.90227947,-0.06557834,-0.59371492,-0.03687204,-0.10361909,1.30978141,-0.08483031,0.3675685,0.99439809,-1.68117344,1.30072854,0.55222526,0.42911372,-0.26736506,0.56349303,0.83074661,0.62742115,0.03321471,-0.56169752,-0.68809324,-0.56652709,-0.72778023,-1.36978477,0.02554423,-0.95430866,2.12123454,-0.15392846,-1.53537277,2.34822637,1.4908352
pantothenate,1.227186886,-1.197301801,0.165835741,0.623080024,-0.256427852,-1.446981965,0.638002543,1.297492254,0.042059791,-1.778675844,0.996306826,-0.625642585,0.489522675,0.473470383,-0.199400343,1.237475985,-0.322720156,-0.485488224,1.618625133,1.499732652,-0.586071679,-2.125342734,-0.338221488,0.700862628,0.488622101,-0.066550968,-1.208263198,0.754883517,-1.370122323,-0.008782117,-0.626753636,1.3164379,-0.926850127
phenylalanine,0.50771194,-0.04412155,1.57259394,-0.19216915,-1.07317384,-0.42383312,0.1250561,1.12908619,1.39189775,2.62875414,-0.60830977,-0.02041009,-0.87133332,-0.40363132,-0.79066362,-1.03506403,-0.52900191,0.03700596,0.35412942,-1.68143884,1.48994686,-0.18789495,0.67238507,-1.33214327,0.08651498,2.06777455,-0.1562896,-0.20917864,0.15736246,-1.02295311,-0.58650022,0.08051141,-1.13262042
Phenyllactic acid,0.85098483,-1.52848851,-0.06782388,-0.96793597,0.30851521,-0.74154515,1.15020299,-0.72952451,2.5151899,0.65481083,-0.01302764,-0.46940692,-0.64535153,0.66480456,-0.44707629,0.78828887,-0.93210353,0.79891045,1.22283646,-1.4127487,0.44033361,0.62588611,-0.23402408,0.4935057,0.20037612,1.30979219,-1.69576233,-0.56090133,-0.26612192,0.80644768,-1.0583845,0.81329023,-1.87394894
Phenylpropiolic acid,-1.36245151,-0.92630368,-0.91260789,-0.29616989,-0.5078685,-0.93439337,0.19054794,-0.37641096,-0.77140892,1.38240185,-0.09054313,0.16912674,0.41757406,0.9888785,0.06058095,0.35172165,-1.03001258,0.0783014,-0.31411433,0.09448852,-0.09789868,1.09401075,0.34589017,-0.19186032,-1.61317428,1.48416402,1.91089932,-0.15882522,3.18016196,-1.32770929,-0.0154144,-0.42096603,-0.40061484
phosphocreatine,1.56947884,-0.30607691,0.15319668,0.9153268,-0.46891563,-0.65600953,0.85544976,-1.51615866,-1.03653935,-2.29959431,0.53557142,-0.68490935,-0.49498766,-0.7751198,-0.88402593,0.49292343,0.47518645,1.22438623,-0.32036332,-1.40039076,-0.11236166,0.36450675,-1.07313499,1.4616515,-0.29802605,-0.15924096,0.9914556,0.68638092,0.66039034,1.94271384,-1.13324625,1.27554976,0.01493279
phosphoenolpyruvate,1.84224322,0.56221186,-1.21264223,0.70206875,0.39455571,-0.47020071,-0.34809137,0.09535823,0.91534269,-0.34868913,1.65938422,0.89057218,-0.65998742,0.43810188,-0.68577624,-0.55848307,1.78903092,0.99165008,-0.40459926,0.3409648,-0.67623998,-0.29340658,-1.99719645,0.51594148,-1.19598874,-2.06125198,-0.74415613,0.08300789,0.37943888,1.76867414,-0.27610176,-0.82413502,-0.61160088
Phosphorylcholine,2.29357007,-0.35253605,-0.41048952,1.24024138,-0.69387129,-2.02568934,-0.36316373,-0.72842737,0.62890723,-1.34821555,2.28240877,0.62809652,1.39784515,0.06603467,-0.08100386,1.0561145,1.81989163,-0.19630225,-0.20771828,-0.40041664,-0.32229732,0.17557711,-1.27471839,-0.31518453,-0.6667289,-1.38528821,0.07237936,-0.44572073,-0.11805802,0.21107982,0.12996146,-0.82610748,0.15982976
p-hydroxybenzoate,-0.012257226,-0.404938336,-0.215028632,-0.729363179,-0.700086623,-0.798528704,-0.24377036,-0.79189839,-0.351749133,-0.872478638,0.850161846,-0.192243537,-0.210956699,-0.40028209,2.744314279,-0.007900917,1.921831163,0.250113966,0.514292059,2.013649611,-0.141003859,0.128001395,-0.64223248,-1.110565208,-0.933937054,-0.229771578,-0.525242607,-0.411484206,-0.742961556,-0.295635925,-0.309151873,-0.012447058,2.863551551
proline,-1.15694828,-0.310427834,2.435565126,-1.204225266,1.117275688,-0.061050476,-0.000235684,0.947957474,2.101803485,-0.265693691,-1.483639841,-1.044898555,-0.071746448,0.099781444,1.638696905,0.081372398,0.1680335,-1.201453235,0.626120756,-0.277043665,1.007562523,-0.228536336,0.696446603,-0.48548275,0.497387996,0.031690846,-0.243984496,-0.991633597,-0.940138165,-0.70561966,-1.212813963,-0.917073696,1.352950893
purine,0.472518715,-0.020588401,1.902826135,-0.771243654,-1.157455779,0.03754702,-0.094095631,0.97848734,1.197511878,2.620152645,-0.286059108,-0.65490789,-1.168087566,-0.624067975,-0.175031995,-1.131091639,-0.76700497,-0.076345425,-0.004796928,-1.361268787,1.698637668,0.155890979,0.370197767,-1.034681177,0.892860513,1.595376433,-0.034210353,-0.244063059,0.429402686,-1.410708061,-0.605218048,0.184416053,-0.914899386
putrescine,0.64049374,0.9499258,-0.37941884,0.49684241,-0.23930275,0.3873127,-0.17422269,0.25567425,1.05489438,0.32782871,-0.93993926,-0.53347197,-2.43727656,2.09393524,-0.56502569,-1.09241428,-0.8133121,-0.13986483,-0.37847953,-0.99191471,-0.6851415,-0.72535689,0.15518911,0.26832223,-0.66627803,-0.50250533,0.53800473,0.22322589,3.13863694,0.81811104,-0.86321062,0.75234654,0.02639185
pyridoxine,-0.46769779,1.95206424,-0.44410873,-0.43637689,-0.15343293,2.28149328,-0.27176527,-0.16652867,-0.94916563,-0.69271663,-0.49844278,-0.23717739,-0.38552873,-0.03168779,0.17900953,-1.66962753,0.16777132,-0.40636934,-0.523864,-0.17023523,-0.25870404,-0.19017248,-0.73132492,2.61661656,1.42247723,-0.97599978,2.33040148,-0.58518763,-0.64357231,-0.23525836,-0.20955505,-0.18178438,0.56645063
Pyroglutamic acid,-0.06647195,-0.02275261,-0.40618507,0.06075764,-0.9713952,-1.92812077,-0.42376001,-0.0844405,0.07950572,0.14974227,-0.57758089,-0.63702625,-0.14235403,0.21249601,0.15743949,1.08441256,-0.04315647,0.351437,-0.09334391,0.3536134,-0.82542948,0.14976868,-0.64482008,-0.78656515,-0.14488226,4.27035774,1.44261305,-0.48131441,1.12410194,-0.03213815,-0.42174469,-0.93771224,0.23494861
Pyrophosphate,-1.30527299,-0.99728631,-1.58761307,-1.33104983,1.26276759,0.53713007,0.54820853,0.22260284,-0.11730344,-1.02715984,-0.61700474,1.28061841,-1.10000724,1.62590379,0.13023853,0.79051326,0.06451847,0.60281062,-0.59239176,0.69642002,0.11767527,-0.93774782,-2.19320137,0.11305241,-0.43589796,0.53265143,-0.0298027,0.83774233,1.54119321,-0.62821219,0.66785407,-0.56021053,1.88826095
pyruvate,1.304388573,1.389813269,-2.537641928,1.267664939,-0.250010427,0.012868615,-1.787028144,1.066452223,0.178350584,1.007601502,-0.775787654,-0.883418899,-1.120018822,-0.003139199,0.048006435,-0.670602865,0.907563205,0.802812871,0.592047373,-2.008538818,-0.414473797,-0.406754664,0.640718225,-1.345722675,-0.158051063,0.400088048,0.478952556,0.110494213,0.28262291,0.623938337,-0.409859668,1.515128918,0.141535828
quinolinate,-0.22443573,-0.12662124,-0.41998279,-0.28010239,-0.27856029,-0.4200556,-0.42326679,-0.33808525,2.65455281,2.82834394,-0.55070664,-0.24335382,-0.7311124,-0.10745106,-0.41762824,-0.22300551,-0.67453692,-0.32323187,-0.39615144,-0.55513739,-0.37528966,2.0506353,-0.38329773,-0.29051525,2.88871238,-0.46837594,-0.31411391,-0.23789322,-0.07221101,-0.32004234,-0.44660745,-0.48907563,-0.29139692
riboflavin,0.33568326,0.87294834,-0.2394972,-1.37947963,-0.01853221,-0.06569623,-0.61219123,1.28286847,0.8910539,0.13039792,0.08225525,-0.39595659,-2.80084338,0.88738124,-0.72876448,-1.53208756,-0.7609147,0.49193468,0.3180344,0.30819087,-0.96419488,0.32940928,0.30602619,-1.36250417,-0.55248065,0.06037663,0.42494638,0.02224287,-0.19920917,0.47306319,1.00714927,0.44101139,2.94737854
S-adenosyl-L-homocysteine_neg,-0.76006515,-0.31413861,-0.89647066,-0.33671755,0.47717085,-1.52749278,1.42802262,0.8885887,1.10128779,0.52860202,0.10058085,-0.42683299,-0.07586326,-0.74926494,0.24149739,-0.26566061,-0.83586295,-1.56806086,-0.46084998,-0.78295449,0.36801158,-0.2693966,1.07264758,-0.4391572,0.54285609,3.04020846,0.46963866,-0.40945662,1.52402993,-2.12747796,-0.24956296,0.43165342,0.28049024
S-adenosyl-L-homocysteine_pos,-0.79954503,-0.11656424,-0.3360133,-1.11261882,-0.50896628,-1.02996728,1.11838404,1.24285101,1.64588877,0.40135678,-0.46005786,-0.38624944,-1.80282875,-0.25199323,-0.13706425,-0.45387462,0.05652054,-0.56309587,0.66950909,-0.92175248,0.58955663,-0.59462548,0.66134256,-0.69525786,0.64598405,2.68305168,1.07275516,-0.65260931,1.15210491,-1.5773842,-1.20980545,0.87797415,0.79299438
S-adenosyl-L-methionine,1.4473143,0.4764251,0.8161051,0.4225816,0.9321878,-0.5676961,0.8258047,0.3405855,0.5893911,-1.0981584,0.2978174,-0.4656337,-1.1438598,0.506062,0.5057227,-0.3965185,-0.6091055,-1.7967437,-0.5767509,-0.8124921,-0.1936391,0.5892626,0.5592078,0.986041,-0.713859,0.4523829,0.3792792,-0.3844037,2.6368295,-1.8808747,-1.1383877,0.8245679,-1.8094452
sarcosine,0.37104047,0.76222559,-0.40326468,-0.28344442,0.35173727,0.58277812,-1.79241866,-0.57021236,-0.63538553,1.87887706,1.15909194,-1.25005505,-0.3009322,1.23004006,-0.9058798,1.26117007,0.25958358,0.45045245,0.21350535,-0.43463575,0.56535794,-0.07033905,-0.6624358,0.64963355,-1.86096716,-0.67044906,0.06226219,-0.40931563,2.04587626,0.70405889,-2.21994958,-0.66968501,0.59167895
serine,0.24467681,-1.6921761,0.7853751,0.33051882,0.73968574,-0.65451289,0.58512868,0.2051776,-1.11444372,-0.21078121,0.08845064,-0.56892523,-2.24514835,3.27376278,0.24843508,-0.49598247,-1.33070647,0.37481523,-0.03635153,0.73359091,0.44698132,1.11598136,0.03717316,0.17052543,0.58879039,0.86605898,0.56348956,-0.29693262,-0.0363468,-1.24087806,-0.86227927,0.53167772,-1.14483057
shikimate,0.872877,0.11688834,-0.32906794,-0.0333237,0.31504056,0.89360257,0.14737891,0.40821988,0.84843606,-2.94126704,1.00291975,-0.25577784,0.45822483,-0.24401355,0.6916979,0.21486504,-0.61316373,-2.16939206,-0.86440246,-0.16867124,-2.04835634,-0.18052823,-0.76190093,-0.25617236,0.86338579,2.3180461,0.92217975,0.61157722,-0.46882741,0.69400422,-0.09553915,-0.02527956,0.07633963
shikimate-3-phosphate,1.168775242,1.403432755,0.973953547,0.671783843,0.762439516,0.054819052,-0.23485039,-0.536944026,-0.809283807,0.72434159,-0.009257355,1.605829057,-2.397763246,0.082160374,-2.766198183,-0.697096058,-1.011649988,-1.08053627,0.169003318,-0.450915541,1.005118684,0.198509869,0.56526991,-0.040410541,0.302544309,-0.725159462,-0.68535995,0.010652616,0.383201712,0.908263936,1.439321261,-0.120521332,-0.863474444
S-methyl-5-thioadenosine,1.1771491,-0.67402103,0.62829894,0.13155013,1.10890182,-1.14888536,1.14601753,0.23696344,0.04031497,-0.72582749,0.46614006,-0.40834782,-1.34527217,0.73914696,0.80867431,-0.49698337,-0.22627998,-1.29346126,-0.54539875,-0.58862241,0.10012564,1.04092653,0.27740578,0.6591372,-0.64954932,0.26274584,-0.24166257,-0.99914614,2.7206062,-2.45645732,-0.95667576,-0.11913626,1.33162257
sn-glycerol-3-phosphate,0.55802348,0.79315306,-1.42142464,-0.75851404,-0.87583818,-0.02351145,-1.07440152,0.59705608,1.14094151,0.97720835,1.20598781,-0.03479398,1.55549137,-0.74591555,-1.51451425,0.03020897,2.46192585,1.00614864,-0.20371991,-0.53760849,-1.06146127,-0.09737363,-1.35411665,0.04689393,-1.47401396,-1.46394588,0.15735429,0.58582685,0.77142188,0.36105004,0.88773551,-0.75083953,0.2555653
spermidine,1.68316444,1.53354774,-1.73186378,1.38788944,0.76236008,0.23474162,0.53059038,0.71428858,-1.33821355,-1.50741822,0.13898593,0.68699493,-0.89528542,0.19144006,-2.06341143,0.39237162,-0.34372133,0.29459254,0.04615002,0.11487884,0.28411221,-0.65672016,0.89480388,-1.0883847,0.66782036,0.48804231,-1.28674214,0.61902352,0.87132153,0.28825843,-2.05240345,0.34552222,-0.20673648
spermine,1.110118974,1.121849248,0.421851493,3.288467325,-0.62225388,-1.019649739,-0.282574145,-0.050193989,-0.05108083,-0.110304117,-0.306949691,0.208592558,-1.968267164,0.70684787,-1.488652625,0.730903667,-1.712588024,-0.092062787,-0.613197428,-1.035945974,0.289329749,-0.360760602,1.123446975,0.176703008,-0.187396372,0.272891563,0.009322161,0.608984288,0.982081238,0.398031581,0.441577381,-0.826108777,-1.163012935
S-ribosyl-L-homocysteine_neg,-1.90993382,0.27773622,-0.45534681,-0.16634922,-0.25681273,-0.37704937,2.07232907,-0.82857103,0.90970925,1.04593047,0.08700305,-0.92837395,-0.54640594,-1.87373164,0.63725213,0.15574667,0.43842387,0.4229758,0.58676436,0.35343702,-0.13694201,-0.92048395,1.34677141,-0.90006955,-0.58126863,0.63066108,1.58921435,-0.73369525,1.86725174,-1.17357082,-0.28438597,0.98451748,-1.33273331
S-ribosyl-L-homocysteine_pos,-1.072916057,-1.759408557,0.006311153,-1.155152826,-0.979587134,-1.240554625,-0.510056276,-0.373991806,-1.229420777,-0.268251423,1.32557965,0.493492047,0.258579716,0.699727226,0.327169022,2.310261561,1.749806728,2.01657669,1.164540893,0.204187984,-0.100786416,0.107832788,-0.877488155,-0.577666493,-1.150189039,-0.544300517,-0.093056552,-0.311146853,-0.100069611,-0.683526846,0.545061369,1.165430001,0.653013138
succinate,-0.7149832,-0.77447032,-1.44721828,-0.88383467,-0.18530837,1.19673232,0.27170245,-0.36192565,-0.18087163,1.478232,1.3555742,1.03972167,1.65212975,0.57079489,-1.20747145,0.73525349,0.68186438,-0.55116643,0.87452685,-0.33286905,0.83563893,-0.57961213,-0.88383467,0.37621905,-1.75481992,-1.43311474,0.99101473,1.30392336,0.48743363,0.09585799,-0.72784677,0.06133245,-1.98860487
taurine,-1.00498677,-0.42035191,0.57825263,-1.89842715,0.15850016,-0.35761407,-0.19459524,0.78530881,0.3351781,1.46542568,-0.77884903,-1.0286692,3.51516054,0.63306628,0.18266877,0.41245289,1.53967847,0.03136135,1.08018201,-0.52545995,-0.50805962,-0.21896282,-0.30937465,-0.26045752,-1.44605918,0.18611469,-0.98255016,0.11302406,-0.40738731,0.32789727,-0.94669748,0.53016081,-0.58593046
thiamine,0.88993496,0.64757624,-1.96940334,-0.27200559,0.01298243,1.47433795,0.41379844,-1.31121695,0.2435359,0.24820087,0.66437577,0.38447583,-1.23536359,-0.5857057,0.71108742,0.16384311,1.13514721,-0.80449702,-0.20909962,-0.74668092,0.45924712,-0.17755638,0.25939129,-0.25379487,-0.09156889,1.81159284,1.00040999,1.45339465,-1.25774606,0.84274274,-0.57078259,-0.62109919,-2.70955404
thiamine-phosphate,2.217724612,-0.610225349,1.157258911,0.322675556,-0.937323338,0.425745289,-0.566241555,-0.081796453,0.883731229,-0.211180123,0.578167698,0.222402175,-1.96370495,0.041404794,0.58025515,0.431904682,1.134539329,-0.587515636,-0.128941583,-0.155407672,-2.554573687,-1.222193216,0.258702665,0.97618898,-0.544435264,-0.664541515,1.381741836,0.991438759,-1.284857789,1.203864974,0.004536406,-0.624371918,-0.674972996
threonine,-0.5971053,0.49746487,-0.04136684,-0.26621397,0.7951788,-0.64945622,-0.31115751,0.24469453,1.14713876,0.30359647,-1.28484514,-0.24442266,-1.05345753,2.00278955,1.09141787,-0.6344573,-0.94747718,-0.14337251,0.06339441,0.39452158,-1.25139677,-0.92327012,-0.57967124,-1.26532852,0.23372344,1.9235055,1.42467851,-0.62730072,0.66071821,-0.07111034,1.27279808,1.13964092,-2.30385161
thymidine,1.514430372,1.831380375,0.679147361,0.50540359,-1.722580564,0.444256743,0.556388572,0.715280934,-1.555838005,-0.774148637,-0.28000609,0.973036871,-0.245259598,0.553217473,-2.108717354,0.567262895,0.293454313,-1.906811984,0.427787665,-0.217600311,1.283988209,0.071754967,-0.16523928,0.420600618,-1.371213745,-0.232547226,0.033380496,-0.005531366,-0.858418872,0.449820277,1.16136526,0.455046387,-1.493090344
thymine,0.92145034,1.33686453,0.04841894,0.08407509,-0.71992198,-0.71992198,0.17850583,0.61211793,-0.5231363,0.91810661,-1.71639107,1.45898988,-1.48669176,1.29947441,-0.81932092,2.03209684,-1.26116848,0.92457516,1.06468951,-0.20266102,-1.17387775,0.48606425,0.41501481,-0.6103801,-0.12996029,0.55687372,0.32626884,-0.34818419,0.7480794,-0.05273929,-0.71992198,-2.27643809,-0.6509509
trehalose-6-Phosphate,-0.914614165,0.115405106,-3.281525606,-1.069914127,-1.001004784,-0.127745026,0.408642658,-1.46746587,1.175251009,0.971151413,1.015857415,-0.478455726,1.459591537,-0.417169329,0.414604276,0.530308644,0.583236864,-0.086497031,0.432955668,0.928811549,-0.60505383,0.875302986,0.323427878,-0.686765019,-0.30443116,0.58768349,0.03708959,-2.022348059,0.600029675,0.29242394,0.007137645,0.746396379,0.957682007
trehalose-sucrose,0.33046467,0.16949371,-1.1243948,-0.85843807,-0.44589931,-0.54496359,-3.87700535,-0.1014091,-0.12279854,-0.08264883,-0.21019564,0.1616228,1.95750188,-0.43516033,0.29538203,0.5553656,0.44227244,0.38933655,0.23876625,-0.0120745,0.97497834,-0.17436813,0.86373552,-0.59405439,-0.69272107,0.56281729,0.49668228,-0.36207983,-0.31885841,-0.48260372,0.61025415,2.33357454,0.05742553
tryptophan,-0.366368522,-0.37300732,1.000469469,0.017678032,-0.057860333,1.068027402,0.149060541,1.384282552,1.246137404,0.724404241,-0.453165637,0.003776667,0.023233837,0.829196173,0.214126535,-1.385681648,0.39075226,-0.393022695,-1.365384951,-2.334271604,-1.275006206,-1.73736697,1.061902813,-0.002793767,1.332273989,2.314757264,-0.463109634,0.087246939,-0.302296749,-0.735175923,0.693017898,-0.588822956,-0.7070091
tyrosine,0.4981023,0.5083903,1.8287267,-0.133527,-1.4476567,0.4521751,-1.3192482,0.5557553,0.4387391,2.042666,-0.5608655,0.9755222,-1.1661311,-0.4827494,0.1488461,-0.4277606,-1.1351528,-0.9830895,0.8396552,-1.6039991,0.3906685,-0.430262,1.0571881,-1.2235006,-0.5733694,2.3780731,0.6210297,0.2074236,0.4701284,-0.2408077,-0.274112,-0.4759013,-0.9349568
UDP-nega,-0.81599994,-0.80900394,-0.95833986,0.01175286,-0.61163065,-0.85308933,-1.0188923,-1.05306807,-0.91705363,-0.80660837,0.74507295,0.67438632,1.665736,0.41563431,1.43043398,1.5310014,0.60430732,-0.47369012,1.69779496,2.37907751,0.90209559,0.87544755,-0.90813527,-0.80701858,-0.78734759,-0.98789737,0.20915572,-0.91783691,-0.95460443,-0.63129519,0.78731865,0.18625507,0.19604134
uracil,-1.25723645,-1.99958888,-0.6768708,-0.68012636,-0.05080788,-0.56751396,-0.44262364,-0.09131997,-0.77610283,-1.34823731,0.04241971,0.63522301,0.4070023,0.5508427,-0.39588627,1.76386685,-0.41757379,2.48359659,2.63165227,0.01381538,0.6542097,-0.39114243,-0.06126833,-0.21081756,-0.18192943,-1.14507621,0.09447809,1.1506788,0.28743284,-1.07578106,-0.02991029,0.49186362,0.59273161
Urea,0.170291311,0.106960418,0.219288002,-0.120820204,0.171611556,2.029023692,0.434627771,-1.872348507,0.324570107,-0.20392389,1.28385878,-0.007231192,1.127592247,-1.794146766,-2.045601921,0.076178565,0.246185645,0.228841242,1.455693612,-0.050801873,-0.241350819,0.036638963,-0.25404741,-0.782726821,0.188335526,1.952460634,-0.995691319,-1.983718068,-0.769194828,0.096235595,-0.442880471,0.839721193,0.576369231
Uric acid,-0.60944085,-1.0473721,2.62193797,-0.9815136,-0.04788262,0.94348751,0.97629939,1.27422921,0.3419433,-0.10609677,-0.93654286,-0.63904008,-0.98757144,0.66316281,-0.8446118,-0.21912312,-0.95118294,0.7572035,0.81254015,-0.40989772,0.09309228,-0.85712234,1.20704297,-1.00195975,-0.24925074,2.09652269,-0.07729923,1.1229245,-0.69467302,-1.13428592,-0.1952585,0.58114217,-1.50140307
uridine,-1.155788274,-2.339763394,-0.569352086,-0.83220567,-0.582582295,-0.306437832,0.397862048,0.712216358,-0.406036016,-1.233003648,-0.157413878,0.503205123,0.000818235,1.00324477,-0.182892326,1.782690875,-0.977956181,2.341903203,2.603012763,0.135885731,0.230472302,0.368288823,-0.429408773,-0.109300398,-0.717179939,-0.713441093,0.215194094,0.702853454,-0.282657322,-0.754157532,-0.378026394,0.938631476,0.191323796
UTP,-1.10461673,0.42523061,-0.78278999,-0.97241542,1.1215767,-0.27897686,0.54463944,0.06346618,0.32167888,-1.05139541,-0.38559058,0.70269235,1.47602584,0.67308625,-0.29540496,2.42737198,0.90431154,-0.25742528,2.34440878,-0.01620864,-0.44555689,0.30657833,-1.51578932,-0.80252356,-1.99514079,-0.29460497,-0.31677119,0.34651561,-1.66403446,0.01312047,0.44994099,0.21080312,-0.152202
valine,-0.92306331,-0.26083681,2.04635286,-1.27277585,-0.07375607,1.50247601,0.75534442,1.47025482,0.22262208,1.03010145,-0.74396401,-1.14463923,-1.29723357,0.83906051,0.0210144,-0.78160763,0.19914399,0.04929192,1.25704084,-0.81503328,0.66317798,-0.85684598,1.3937111,-1.03588065,1.38406755,1.07642009,-1.28603888,-0.34358736,-0.58753922,-1.20806988,0.02335818,-0.24569076,-1.05687569
xanthine,-1.34186638,-0.89189402,-1.38195376,0.81652286,1.09500325,-1.32239019,0.97378928,-0.38161172,2.16759314,-1.54888173,0.2849134,-0.23698031,-0.98413851,0.74743891,1.67158095,0.34308245,0.59394718,-1.34628978,-0.65799062,-0.50574055,0.55607746,-0.15153717,-0.35993221,0.45324625,-1.32637586,0.84644096,1.25054434,0.05659691,1.44405195,-1.13215582,0.16162623,-0.21926603,0.32654916
xanthosine,-1.03462736,0.33988617,-1.00826229,1.19472163,1.14224788,-0.73673632,0.39804097,-0.55020951,-0.62933161,-0.52473158,0.72460099,0.60135367,0.60961911,0.41806698,0.06860036,0.24443201,0.54876608,-0.98511667,-0.86506058,-1.94655455,1.77531279,-0.69953242,0.90547488,0.65321771,-1.95552245,0.79220433,2.04135774,0.89102829,0.81932636,-1.03703005,-1.2501106,-0.35731486,-0.58811711
Xanthurenic acid,0.41814129,-1.10857592,-0.71422668,-0.52904438,0.41027833,0.55167645,0.26646599,-0.21242444,-0.54607916,0.48783905,-0.19898978,-1.22602414,-0.02690594,0.46890264,1.17085235,0.21390422,-0.80768546,-0.04335483,0.56821041,-0.17050696,-0.72749886,-1.45438536,-0.63926329,-0.27189266,-1.27261023,-0.33015252,0.77222976,-0.09614444,0.91350916,-0.41420513,0.22675409,0.08214465,4.2390618
