metabolite,R382,R421,R424,R432,R441,R475,R82,R98,R329,R100,R12,R148,R223,R272,R285,R341,R352,R362,R422,R458,R453,R476,R484,R486,R488,R440,R437,R471,R478,R374,R463,R284,R349,R417,R8,R92,R116,R117,R180,R210,R224,R239,R386,R413,R404,R419,R477,R490
1-Methyladenosine,-2.06210946,0.1153591,-0.58388061,-0.58970272,-0.40901625,-0.98797203,0.47000922,0.82180299,0.71574602,0.09444314,1.27066182,0.4996502,-2.47991393,0.59838651,-0.75693469,0.3721074,-0.88899133,-1.84814607,0.51739342,0.02599269,-0.32479636,0.98022374,1.08940839,-0.71169675,1.15580886,-2.53570534,-0.84772611,0.3789864,1.07615201,0.11896292,0.09714685,-0.18600889,1.91628204,-0.27223353,-0.06037519,0.32741438,-0.25613592,-0.50289066,-0.68102924,-0.40424414,-1.0132512,0.58966541,0.2889392,1.07697348,0.41953231,0.42600663,2.24306259,0.71664266
2-Aminooctanoic acid,0.253461294,-0.976146941,-0.557110264,1.061699071,-0.145392403,2.248139703,-1.874269291,0.612006594,1.296566199,0.640478522,-0.209596295,0.212612324,2.503581061,-0.321606758,0.151004673,0.656154407,0.193050677,-0.45832646,-0.014907301,-2.980453078,-0.456758713,0.641047899,-1.409545309,-0.208187682,0.116644916,-0.19869591,-0.935138329,-0.088165443,-0.469910307,-0.004295422,-1.069376385,2.223888278,-1.315561427,1.094147328,-1.233516612,0.943656261,0.105549166,0.070889625,0.369786715,0.642956338,-0.215148451,0.266837554,0.062394235,-0.008009712,0.47221545,-0.385417161,-0.262207167,-1.041025466
2-dehydro-D-gluconate,1.8538719,-1.11134073,-1.59518128,0.32485122,-0.64270306,0.55628401,-2.73652673,0.64545549,-1.35404172,1.98162955,-0.32321093,-0.61530902,0.54239484,-0.15591766,0.04860643,-0.24425791,1.08611362,0.36739353,-0.57553379,-0.27693546,0.12485721,0.75415861,-0.87915728,-0.4554211,0.45645769,0.81256576,-0.0349742,0.29927169,1.08640484,0.6562345,-1.29454947,0.06022339,2.45129254,0.01817975,0.12821713,0.08766846,-0.18960604,-0.25159612,1.22963988,-1.08936585,0.01185929,-0.11581739,-0.08579329,-1.53912953,-0.31880251,1.7014593,0.21974942,-1.61966899
2-deoxyglucose-6-phosphate,-0.548065554,1.204895735,-0.255758178,1.115385441,1.471110293,0.004933492,-1.12650063,-0.278724948,-0.156616482,-0.444286582,1.623573055,-1.600075034,-0.879174437,-0.121308683,-1.253742248,0.610382771,0.006957406,-0.775575498,0.079587182,-0.296030315,1.352270752,-1.227653106,0.846673375,-0.151851201,-0.007804687,0.05785491,-1.027844206,-0.275706346,0.656424609,0.88845208,0.23132312,0.320073558,-0.08967832,0.091625024,1.139237505,0.294456744,1.002303981,0.592793013,0.639541569,-0.061089671,-0.422763176,1.176456731,0.148634687,0.452232404,-4.287209853,0.166921323,0.342068663,-1.228710263
2-Hydroxy-2-methylbutanedioic acid,-0.40258491,0.53300295,1.53924992,-1.7603309,-0.71075984,0.64078073,-0.3074834,0.35983842,-0.5757327,-0.39098106,0.51184653,-1.36526082,-0.68599207,-1.10853191,0.20841419,-0.77897028,0.98945788,0.35805811,-0.59016413,1.25137026,1.04641779,-0.87378563,-0.12762303,-1.06490739,-0.01319868,0.03530664,-0.6801404,-2.11355277,0.82934843,-0.91585883,-0.64000348,0.58214509,1.59742544,0.75468062,-0.07797799,1.18080975,0.68870617,0.3511442,0.26724015,-0.56874245,-1.81228868,0.56663779,-1.5170136,0.36942682,0.85127339,-0.5513139,1.47991239,2.6407052
2-hydroxygluterate,0.348704064,0.596585084,1.557522379,0.320081367,-1.323220905,0.538091389,0.111436965,0.123979177,-0.272991684,-1.802791466,-0.821132662,-1.497407149,-1.38272027,1.530293302,-0.575735814,-1.225299709,0.284354472,1.227534352,2.202152632,1.115040712,0.442916906,-0.71532922,-0.951767603,-0.904091451,0.525156433,-0.472763835,-0.118231523,0.25418528,1.895315811,-1.217998943,-1.182524821,-1.373449738,1.013450822,-0.006483332,-0.621898049,-0.237008343,0.689702807,-0.635171187,0.088612825,-1.067325532,0.702106117,-0.24690099,-0.464827406,-0.022692209,1.323474008,0.114965634,0.008836335,2.125264969
2-Isopropylmalic acid,-0.857787952,-0.822780009,-0.824272389,-0.978852615,-0.778161508,-0.329794611,-0.375199371,-0.497273917,1.069259178,-0.692755402,-0.494643267,-0.058037362,2.180112319,-0.625231399,-1.058500648,1.86073424,-0.67562037,1.759289073,-0.427269753,0.006556127,-0.753469928,-0.433998468,1.143884176,-0.532739169,-0.572009311,-0.145313187,0.01074439,-0.657307109,-0.58463718,-0.556826156,1.904294341,-0.403817587,-0.666574214,-0.238435242,-0.537001249,-0.998616758,-0.182929409,2.065443929,-0.411158306,0.03918703,-0.296538489,-0.599179106,1.530822786,-0.821749062,2.313776616,-0.05265058,1.839679768,1.21734711
2-ketohexanoic acid,-0.41388047,1.26404052,2.16207596,-1.36850297,-0.80355472,0.6403379,0.24825664,0.72403308,0.77981427,-0.59943243,-0.48207426,0.62457072,0.10044077,-0.37940294,0.38651144,-0.44065163,0.99313613,-0.90974881,1.64084307,0.20277777,-0.84185639,1.12185854,-0.19690328,-0.14532554,1.53121039,1.37030729,0.27908419,0.28755231,-0.24975594,0.91144234,-1.02177547,-0.76027361,-0.97067572,1.117646,-0.44383659,-0.50991452,-1.39967495,-0.24539002,-2.65075147,1.22026697,0.04757577,-1.06845053,-1.04942517,0.26739809,1.09479713,-0.51284706,0.51172715,-2.06359993
2-keto-isovalerate,-0.009630547,-0.725149428,1.25672005,-0.189772948,-1.619335522,2.437422722,0.058241841,0.231587319,-0.046155679,1.012306961,-0.163038223,-0.48989641,1.372805463,-0.841773634,-0.202871067,0.435539076,-0.87029807,0.082203371,-0.378186288,0.393358304,0.318236029,-0.303993804,-1.211393678,-1.021019265,0.082203371,0.930205102,1.75273568,-1.793455755,0.128613172,0.082203371,1.781630353,-0.600173085,0.044210336,-1.769249447,-1.276473836,0.276212025,-0.002783897,0.773368137,-1.521267224,1.048824754,0.312163102,0.11203616,1.830014359,-2.172501762,0.630289923,0.163945887,0.082203371,-0.420860668
2-oxo-4-methylthiobutanoate,-0.27359065,-0.63236661,-1.93217074,0.96687345,0.27125729,0.92609744,-0.47829713,1.05517246,-0.21661557,0.89753322,-0.08511112,0.70789088,1.0089411,-0.02003439,-1.18937221,1.51436088,0.01421764,1.54299498,0.17387515,-1.17585221,0.11632833,0.21566853,1.39071655,-0.53274303,0.81286912,-0.72046396,0.69115694,-0.0277633,-3.39233118,-0.69473209,1.10657335,-1.92469846,-1.35449075,0.50341772,-0.4665424,-0.40960014,-0.22300214,0.82532634,0.94774493,0.29201324,-0.79008905,-0.84501626,0.63038239,0.80190886,-0.83634996,0.78582482,0.70497837,-0.68289064
2-oxobutanoate,-0.10262386,-0.18751212,0.79147337,-1.28841486,0.12931517,0.60841368,-0.05338414,1.83932177,-0.40492414,-0.98047436,1.07684375,-1.49074949,1.09373117,-0.15011589,-0.78308715,-1.19641178,1.1566019,1.34254531,0.71594743,0.97123837,0.56135023,-0.19569052,-0.4856391,-0.28304278,0.36701573,-0.02974568,0.10054069,-1.95070803,1.60620567,-0.70180827,-0.04093438,-0.9504784,0.78376734,-1.47658461,-2.18839882,0.43851728,2.25254565,-0.35076703,0.30169183,-0.39864407,-0.78899711,1.00999365,-0.52653136,0.92389731,0.31181369,-1.52621358,0.93956942,-0.79045888
3-hydroxybuterate,-0.07346065,0.26407531,1.05024502,0.37715272,0.47229851,1.12536712,1.30242087,-0.05826505,-0.56107986,0.85135779,0.90280531,0.86929927,-0.35665712,0.34454889,0.15678503,0.64525361,0.72339345,0.98560418,-0.56186889,-0.01517347,-0.26490656,-1.55806336,0.09507039,-0.2347637,-0.87633112,-0.69184041,0.46300462,-1.64958801,0.79444102,-0.8443158,0.20446751,-0.55695275,-3.14369668,0.79780895,-2.43221759,0.35661885,0.99850187,0.75030428,0.25413016,-0.091047,0.32201649,0.45833514,0.68547056,-0.25736406,0.58387461,0.73174807,-2.98231226,-0.35649525
3-phospho-serine,-0.649100581,-0.814102243,0.866551522,-1.397763561,-1.256472884,0.258623059,1.096642055,0.475934601,0.308528278,-0.512663814,-0.333428328,0.038456031,-0.345376473,-0.474477445,-0.66278462,-0.672096655,5.653180115,0.641089459,0.847678177,0.256246972,-0.721118172,-0.029994872,-0.007428991,0.203229377,-0.007481483,0.423355744,0.092647701,-0.630404099,0.472539808,-0.644121128,-0.096904104,-0.060869977,0.472539808,0.268565772,-0.455203187,-0.659710542,-0.221405498,-1.148112571,-0.352701508,-0.327088345,0.123231057,-0.326467187,-0.022069479,-0.400304361,0.650035382,-0.359441829,0.147665811,0.292353206
3-S-methylthiopropionate,0.32649004,-0.47089385,-1.27246487,-1.02344632,1.19530323,-1.20133682,-0.52090385,-0.08055217,-0.42620274,0.84359418,-0.06071376,-1.64813158,0.04778876,2.51711771,1.93266561,0.74031979,0.33593446,0.70947012,0.42296649,-0.20057874,1.63705537,-0.73486485,-0.11592558,-1.46634405,1.2047874,-1.76253319,0.71829607,-0.56570282,-0.11607515,-1.25737165,-0.13312789,1.25068788,1.02291769,1.79878414,0.02026172,-0.25279706,-0.78952535,-0.1459877,-0.05699513,0.7824863,0.26841781,0.86139617,-1.97519096,-0.23487561,-0.21596324,-0.94222292,-0.32009804,-0.645915
4-aminobutyrate,-1.116564271,-0.038945729,0.303284324,-0.679155564,-1.03104986,-2.251987029,1.991352041,1.350788113,1.563870196,-0.340025842,0.726004067,-0.248629512,-0.446500983,0.699666009,-1.908527102,0.36893955,0.038881884,1.231100813,0.96736522,-0.156997121,-0.300593525,-0.352229857,-1.295424723,-0.006795819,1.776852604,-0.369607899,0.670421883,-0.952749485,-0.030250534,0.509908277,0.020978282,0.525616354,1.74012351,-1.518049548,-0.250896779,0.761046945,-1.385433486,-0.038620731,-1.686182327,-0.229300183,0.472635877,0.840673937,1.3087601,0.159226393,0.623819451,-1.442947768,-0.31723304,-0.256617113
4-Pyridoxic acid,0.178941282,1.033023126,-0.986505027,-1.019348497,0.185361963,0.683142521,-0.915515891,-0.624565257,0.333088498,0.349517395,-0.406425874,-1.073714262,-1.148852435,-0.652405677,-1.237270373,-1.099468997,1.052071224,-0.571336159,-1.020769458,-0.861961845,-0.683104849,0.760955026,-0.434056977,1.091348284,-1.354607737,-1.436214775,0.001591473,1.251030809,2.052080665,0.360448432,-0.982318565,1.013779431,0.941535495,0.905264395,-0.795079586,-0.868289927,-0.676732015,1.256734041,-0.813656136,0.166517523,-0.437468901,-0.200449877,1.375867423,2.203075831,0.456927872,-0.602045988,1.494827923,1.755034453
5-methyl-THF,-0.35416087,0.51211339,0.72188338,-1.02724564,-2.00997314,0.31915925,0.5995898,0.11087611,0.99449423,-0.36774665,-0.91274016,0.16285596,0.08818295,-0.71726433,-3.10701695,0.86384215,0.51329672,0.68598824,0.87075648,0.70314815,-0.49673549,-2.98431319,0.86947887,0.23040007,0.22956547,0.63180688,0.67826619,-0.28863396,-1.82179241,-0.6415273,0.87873477,0.15075873,0.54653434,0.33919297,-1.22165161,-1.67128224,-0.38399335,-0.01210864,0.15598475,0.99734649,-0.07474825,0.42288765,1.00637414,0.98296899,0.68778198,0.47158721,0.70566798,0.96140986
6-phospho-D-gluconate,1.90151535,0.9352094,0.41047687,-0.16881757,-1.97490069,-0.33868411,-0.36055514,-0.1535041,0.55891015,-0.64269185,0.63755988,-0.06525312,-0.68409002,0.62333738,0.70271235,-0.81294261,0.05996282,-0.68165252,0.33034136,0.23893531,0.84975754,-0.80469618,1.33815305,-1.39864642,0.20032522,-0.7674068,1.00056482,-0.91319708,1.94765058,0.74586368,-0.83106593,0.11377805,-0.06239131,1.3325489,-0.52062038,-0.80805639,0.1161434,-0.12732818,0.62996091,1.06761739,-0.03188143,0.76056259,-0.35001475,1.23694086,-0.67857716,-3.78105649,-0.10334467,-0.67745292
7-methylguanosine,-0.29671573,-3.14702914,0.31551354,0.71713456,-0.90310377,1.1102313,0.94524154,0.73697307,-0.23697952,1.36125154,-0.93584008,0.73284826,-0.05632842,-0.15282778,2.04897451,0.61576242,0.41286262,-1.02534689,-0.5707332,-0.61629121,-1.22418479,0.43608195,0.81899305,0.09307274,0.46511245,-0.63795718,-1.68490042,0.23560757,0.88197901,-1.03512601,-0.33419448,0.48586501,0.16988389,0.43963577,-0.12483516,-0.1324396,-2.07021348,-0.50904299,-1.415682,-1.00939973,0.70487211,-0.12592612,-0.44722939,0.65150655,1.07311879,0.50313221,0.71133673,2.02533587
acetoacetate,0.46821511,0.0740144,0.71009396,-0.78576204,-0.85762262,0.81527359,1.09303774,0.85009235,-0.30058661,-0.69955707,0.89377834,0.27927586,-0.40422293,-0.06604107,-0.87166872,-0.69955707,-0.36289666,1.08758599,1.71625804,0.45868841,1.07555458,-0.69955707,-0.48573364,-3.2899543,-0.07962858,0.76455403,1.07343742,-2.19648538,1.10266773,0.01557327,0.5796873,-0.71382929,2.08922759,0.76781762,-0.6077476,-0.16885078,1.43175507,-0.86168901,-0.79891473,0.69276021,-1.69559679,0.25985583,-0.49819411,-0.39335473,0.60240505,-0.53981079,-0.24743002,-0.57691785
Acetylcarnitine DL,-0.605864701,-0.366038142,-0.112773935,0.599673432,0.46836598,1.343516999,-1.227621407,-0.051204164,-0.114957386,0.981039537,-0.283408134,-0.127731425,0.632550887,-0.086573244,1.775873567,0.451928465,0.158140349,0.104392149,-1.420860777,-0.174365122,0.15773627,-0.683137602,0.010751155,-1.134311538,-0.247714728,-1.807072683,-0.221101116,-1.0189885,0.353935706,-0.001770622,-0.920797786,1.96973497,-0.929656042,2.360233984,-1.491785844,1.615287751,-0.39647791,2.045998993,0.730187033,-0.791717957,-1.713929603,-1.105168239,-0.671697155,0.689814956,0.16497831,0.254762394,-0.658625077,1.496447951
aconitate,-0.694055045,0.167978238,0.97695974,-0.967712039,0.24388067,0.121713029,0.709133536,0.398436028,-0.748148275,0.210408916,-0.67317773,-0.748044043,-0.000416833,-0.866040046,2.428376644,0.608785763,0.765998713,0.198252048,0.584186055,1.640116699,0.383962287,-1.089549259,0.100549799,-1.801908915,-0.066078269,-0.4282152,-0.533422461,-1.869581162,0.444963665,-2.892557491,-0.053793367,-0.170494382,0.668305824,1.087212471,-1.608682596,0.435499874,0.099217312,1.459693743,-0.816329652,-0.804540911,-1.190224087,0.669224783,-0.26256332,0.092323728,1.31884245,0.501873335,0.400775654,1.568864078
adenine,-1.85246199,-0.7666897,-0.67425888,-0.37654493,-0.42470963,0.38467508,0.56930402,-1.38798509,0.65312651,0.92538639,0.21795357,-0.44607254,0.75691923,-0.6533488,4.43007558,-0.04239243,0.74832697,0.25993357,0.26736314,0.26096347,-0.07887633,0.7426076,0.55468495,0.47119812,-1.45941152,-0.39810632,-0.76571752,-0.54751116,-0.78439098,-0.91082552,0.440292,1.19228731,0.11541054,1.11511564,-1.38524432,-0.09637727,-0.03359086,-0.86023942,-0.64097614,-1.13707519,0.76426367,0.88033534,-0.9242737,0.43194763,-0.7666897,-0.05966294,0.41711446,0.87414812
ADP,-0.7389828,-0.7851307,-0.3152722,-0.9484191,-0.9088829,-0.4851897,-0.2509694,-0.4244465,1.063399,-0.7008279,1.8656751,1.5487286,0.880257,1.2923589,-0.7428098,2.0106774,1.9336836,1.4775339,-0.3205468,-0.4858539,-0.7591241,-0.5658726,-0.559564,-0.5006742,-0.5595787,-0.439143,-0.5315867,-0.7337541,-0.4253954,1.357556,-0.5845786,-0.5745044,1.9446057,-0.4824104,2.123107,1.1134396,1.8266967,-0.878565,-0.6560981,-0.6489364,-0.5230372,-0.6487627,-0.563657,-0.6694087,-0.3757851,-0.6579828,-0.5162065,-0.4757611
a-ketoglutarate,-2.51997587,-0.22191674,-0.25012329,-0.12392346,0.59043758,-0.119954,-0.82184098,0.51828872,-0.3252939,-0.35140643,1.76872435,-1.28126038,-0.57223265,-0.37780365,2.39414675,0.85029246,0.03713812,-1.22520985,0.15735229,-1.43225789,0.91100549,-0.28082757,2.59666797,0.45588813,-0.80530203,-1.22409645,-0.17830333,-0.53724532,0.7831433,0.32393896,0.98015794,0.95418416,0.19564279,0.71970313,0.69034723,-1.49941899,0.1663669,-0.28321811,-0.19359589,-0.31423946,-0.29214322,0.43766731,0.12039804,0.66392922,1.23174028,-0.02418738,-0.05117234,-2.24021193
alanine,-0.418844584,0.113280671,0.527366573,-2.571348397,-1.38451425,-0.049915304,1.48965912,-0.245344412,0.328146532,0.230414485,-1.377132231,-0.008955496,-0.487554248,-0.761817435,1.935532396,-0.954930609,1.568879845,1.871614539,0.696584427,1.075231222,0.273760113,-0.306922548,-1.406873197,-0.566830012,0.389232073,1.590794355,0.590139137,-2.135127186,1.284212553,-1.532443712,-0.415955743,-0.547811075,0.850741038,1.031586544,-0.435984168,-0.311154914,0.031418834,0.470048754,-0.237720939,-0.432436267,-0.041144844,0.418624991,-0.57720504,-0.963531107,0.929043836,-0.654324755,0.294261233,0.835249206
allantoate,0.44785893,-0.02319606,0.19070722,-0.3414552,0.77986214,0.83678822,0.13023391,-0.16142369,0.60622413,-1.42780099,0.56113172,-1.93296495,-0.44983542,-0.38625364,3.4820997,-0.0682425,-0.79576624,-0.10947715,0.05604963,-0.45857565,0.17709502,-0.6468942,0.35295163,1.32856602,0.32399079,-1.62468697,-1.45922371,-1.08780646,0.13516485,1.16838046,-0.78326487,1.72204014,0.23979446,-0.80188859,0.71480815,0.07462745,0.03538733,0.46829175,0.79685646,-2.03319163,-1.37845356,-0.10928486,0.76194119,0.03829618,0.99111287,0.09924075,-1.3036101,0.86379534
allantoin,0.09844113,-1.68330769,1.04534437,0.39860191,0.13786908,-0.19502931,1.62962973,0.01453437,-0.13577998,1.5364248,-1.16347309,-1.08398373,-0.33144406,0.52895635,2.84839331,-0.28721623,-0.67641446,-0.18750932,0.23252548,-0.16193747,-0.86783039,1.3598507,-0.95005143,-0.18838363,0.56882976,-1.25783108,-0.89961806,0.41432105,2.718547,-0.21855174,-1.09778217,1.45599189,-0.23320329,0.88171475,-0.17872524,1.70504273,0.14746099,0.13635793,-0.93277576,-1.38017553,-0.40780228,-0.35376557,-0.33528787,-0.86950842,-0.22213711,-0.07596859,-0.87246812,-0.61087572
Aminoadipic acid,0.18196663,-0.79051935,-0.29698099,0.35942526,-0.9163573,-0.43052533,-1.35541839,1.79141819,0.69489775,-1.3836412,0.20690948,0.5811376,-1.29153499,0.89190378,1.27350639,0.16120583,-0.69400018,-0.82218501,-0.23418874,-1.51433355,-0.21995167,1.52629538,0.2044393,0.94160609,1.96912684,-0.02955968,-0.97888827,0.99953952,0.37075522,0.88094759,-0.86429153,0.10617218,1.50763467,-0.42004511,1.60199503,-0.53305656,-0.75043845,-2.69235317,0.39546626,0.15577702,-0.51162154,0.33054163,-0.6768777,-1.23055641,-0.77462029,0.18653329,1.48447563,0.60826884
AMP,-1.01880453,-1.34579044,1.02871071,0.05336921,0.59747359,-0.13579423,-0.23134515,-1.00309764,0.83321527,0.13869068,-0.21391956,-1.016918,-0.08361001,-0.41846655,1.07847908,-0.30950239,0.39834551,0.58323919,-0.12482952,0.04861146,0.80422392,4.18488809,-0.50204187,0.06235946,0.50236844,-0.07243062,2.24351787,-0.6946035,-0.17870277,-0.74747188,-0.74708683,0.31259362,-0.09377553,-1.08276223,-1.13638475,0.57071483,0.05700889,-0.33091339,-0.45364419,0.40152366,-2.04979457,0.01631302,-1.57253303,-0.10473635,-0.64297669,0.59461406,1.13930393,0.66237173
anthranilate,-0.31408707,-0.0675722,1.8426405,-0.71194255,-0.15932636,-0.17264888,-0.48614708,-0.2068116,0.02136053,-1.79487479,0.0594818,-1.29629105,-0.74589498,0.58190053,-2.67445118,-0.62168254,-0.06012913,1.53176442,1.01682913,-1.16930668,0.10981179,-0.51532945,-0.91820964,0.28897461,1.80500826,-0.07295613,-0.1246268,-0.31257435,-1.8088317,0.61687976,0.1700587,0.57414744,0.3391492,-0.05947089,2.64135902,1.45109789,0.18874003,-0.64400155,-0.59453348,0.84359334,-1.24376005,0.25107438,-0.08189347,0.64537839,0.54325344,-0.48614037,0.1900501,1.6309407
arginosuccinic acid,1.028423611,0.02688363,-0.375149648,0.303873035,-0.714735007,-1.321950561,0.532368533,-1.008729021,0.307673058,0.380911184,0.005847028,2.862640739,-1.361717347,0.070460879,0.019430569,-0.199850325,-1.024057065,0.440966156,0.486701279,0.092523341,0.858834049,0.207948596,-1.633899402,0.301426696,-0.227845161,-1.003605566,-1.567351091,-0.092342486,-1.719007036,0.032008532,-0.469571691,-0.418349304,0.236652236,-0.9156888,1.936358965,1.414057905,1.518609989,-0.686036529,-1.153452202,1.743038865,-0.520610528,0.168898843,0.971991244,0.52096069,-1.546370619,1.149259004,-0.475099864,0.816670598
Ascorbic acid,-0.54132443,0.3601353,-0.29716899,-1.92712457,0.1094541,-0.16889152,-1.11997877,-0.27945886,-0.12218663,0.5227428,-0.33992907,-0.63919963,1.15644537,-1.56533258,0.50120132,1.20675667,0.64339663,1.32487094,-1.24326666,0.76201038,0.94503043,-0.58563616,-0.59814182,-2.55392578,0.64913996,-0.93952381,-0.40490688,-0.93885015,-0.58491868,-1.06358034,0.5895518,-0.06656236,0.32974618,-0.72036285,0.76391696,1.46294271,0.18180568,2.36213076,-0.54998481,0.56908622,-1.87968255,0.32437427,0.11409798,0.18115955,1.09209123,0.22078557,1.6876735,1.0693916
asparagine,0.56753246,-0.56811577,-0.22219787,-1.01078196,0.19449123,0.69354081,-1.59599759,-0.66090024,0.44807906,1.30973497,-0.09903349,-1.44689305,0.74243334,-0.39355299,4.18614337,0.23158076,0.55753332,-0.51226556,-0.46219991,-0.83384146,0.80210171,-0.72700247,-0.78230623,-0.4399008,-0.63162603,-0.02149782,-0.53320813,-0.61128651,0.76068631,-0.68355435,-0.07475907,1.60521382,-0.64722302,0.98153295,-0.34525559,-0.83741417,0.17675168,1.06953356,0.59068483,0.2640669,-0.99306293,0.17005827,-1.04941703,-0.12488818,0.70352423,-0.80373588,-0.83277944,1.889474
Atrolactic acid,0.92290784,0.82077949,-0.16769982,1.86196697,-0.03240644,1.2793146,0.66829752,-0.23249883,-0.77177358,-0.49023416,0.78764189,0.53390164,-0.58094587,-0.25363101,-2.41614223,1.29043926,0.96462947,-0.59981744,-0.62267003,0.18226036,-0.48987409,0.75560964,1.21941614,0.52575883,0.88919148,0.56298663,0.09082477,-1.1696435,-0.74558332,-0.30631928,-0.50319719,-1.71028068,0.14741174,-2.55820486,-0.63032033,-0.6206753,0.77761795,-1.114942,1.39926897,-0.07029937,0.89987876,0.9711588,1.49606149,-1.21305114,0.07947756,0.44778849,-1.43906073,-0.83531909
betaine,-1.69672644,-1.14076361,0.27634757,-1.46526931,-1.16096217,1.03149044,0.68692888,0.49738839,1.55430491,-0.24502975,0.06951115,-0.02238062,-1.02635683,0.06738453,0.01955364,0.10540526,1.31570759,-0.51012842,1.54599371,0.59319767,-1.14122917,-0.11493359,-1.08170739,0.84455459,-0.71383353,-0.73526503,-1.80241128,-1.94282265,1.10169251,-0.14758149,0.15972089,0.31007317,1.26563973,0.61319643,1.72391253,0.24862405,-0.84412838,-0.36061985,-0.4560373,-0.77159784,-0.23888266,-0.83096872,-0.30970845,0.19529795,1.12329924,-0.26127184,1.14901606,2.52237543
betaine aldehyde,0.84441063,0.25179911,-0.40660787,0.09872535,0.29857159,0.26985228,-1.06676304,-0.17631694,-0.01249932,0.36390625,0.86115098,0.30910239,0.8145502,-0.34631707,1.42681867,-0.4598806,0.87103628,-0.15330889,-0.50792205,-1.5290688,1.06272582,-0.09779376,0.11564543,-1.21733014,0.29867382,-1.0927037,-0.49429727,-1.7109495,0.26710987,0.93221875,-0.20879246,0.86308456,-0.93646935,1.77720958,0.55315879,1.30338806,-0.13396751,0.77312076,0.95545956,-0.51114298,-3.35340462,-1.02257733,-0.12080211,-2.21111056,0.01151088,0.39804162,0.23734569,1.81140895
Carbamoyl phosphate,-0.08433444,1.47923594,0.5321759,-0.22832635,0.55191651,-0.63851992,-0.41341922,-1.35063647,0.12456058,-0.34609502,2.25424117,-0.83578188,2.58920711,-1.44707051,-0.8532489,0.50737318,-0.27457933,1.24504603,0.19335146,-0.77235627,0.41283599,-0.27362495,1.2026476,-0.11984096,-0.98920522,1.11350366,-0.85320134,-1.46552269,-0.94545138,0.79188483,0.42985393,-0.9182865,-0.7989195,0.4105009,0.3948872,-1.05819573,-0.32510354,0.57276336,-0.39542825,-0.71701916,0.60217494,0.98735751,-1.67942814,0.53366703,2.05879976,-1.37615402,-0.4962498,0.6680149
carnitine,-0.09813521,-0.64050935,0.14070097,0.03712803,0.32952586,1.16545121,-0.45060943,-0.83085301,-0.22438773,0.88375821,0.32695754,0.78920426,0.52993748,-0.11156674,1.89995527,0.45605955,0.34663944,-0.30181856,-0.87762097,-0.07616555,0.61686592,-0.79200123,-0.41345664,-1.52984866,-0.32721821,-1.48749047,-0.75988146,-2.09003179,0.37627639,-0.17357356,-1.02441802,1.96726789,-0.39796705,2.00631405,-1.16160643,1.57066083,-0.31672594,1.54666769,0.88631122,-1.08604904,-1.77963271,-1.26211006,-0.37415464,0.20994769,0.27385857,1.05526052,-0.50551066,1.67859452
Cellobiose,1.65311022,0.54989009,-0.61964065,1.30913485,0.32667844,-0.41399409,-0.66222877,-0.30190765,0.69271195,1.22839714,0.79632077,-0.53267674,0.46569947,0.05747652,0.0801983,-0.28859526,1.22945326,1.02574234,0.37572381,0.78887811,-0.18944591,-3.17119202,-1.76611132,-2.01073818,0.8696532,1.78866011,0.69741521,-0.48198433,0.62174357,0.2320478,-1.32987242,-1.4183277,-0.88443768,-1.49057391,0.14888643,0.70513001,0.65525945,-0.08106959,-0.28597857,-0.51936744,-0.87438846,-1.21268448,-0.03922734,0.72955253,0.71735913,-0.21069193,0.21475707,0.82525466
cholesterol,1.97313263,-0.23382302,-0.07978609,-0.10258795,0.35821927,-1.51239903,-0.23606797,-0.36309002,1.927125,-0.2167276,0.64531051,0.09269075,-1.10433656,0.89864147,-0.85897903,-1.31352008,-0.59383525,0.20102857,-0.09778908,-0.32387572,0.09423847,-1.01659366,-1.18683259,-0.32308256,-0.63292594,-0.82658627,0.04596088,-0.82213497,2.68545084,2.32048881,1.55611829,0.51087901,-1.14485879,-0.23644445,0.22487338,0.63489106,0.73451708,-1.99886841,-0.76508403,0.14225307,0.08039243,0.12980575,0.22703043,0.72233908,-0.80761204,0.98566564,-1.29063942,0.89742818
cholesterol sulfate,0.8565068,-0.0739273,0.8225906,-2.263416,0.140449,0.2754261,1.2006717,0.6413071,-0.3573264,0.6866621,-2.0201218,0.4372554,0.3492949,0.1550184,1.2040312,1.0529844,-0.653113,0.2012129,0.1861101,-1.8853992,-2.1087205,0.4579119,-0.1516241,-1.8975106,0.593123,-0.2271402,0.7276049,0.2460644,-0.3198913,0.1607465,0.286168,0.8127321,0.4584924,0.5261167,0.3951302,0.2958544,0.2576488,-0.2085738,0.1355753,0.4576989,0.652634,-2.0185312,0.2115509,-2.0354035,-1.7954491,0.7444036,1.6138161,0.7733553
Citraconic acid,0.020396487,-0.38106238,1.103006924,-0.774468875,-0.021182917,1.001742394,0.702737481,0.198961728,0.033104533,0.396237169,-0.975119177,-1.116858387,-0.755721896,-0.876817108,2.212804551,-0.170020267,0.808831439,0.640772822,0.585747551,0.658372978,-0.352665123,-1.222157783,-0.136320836,-1.271865328,0.124436051,-0.301932,0.292931484,-1.442917979,1.623914692,0.260599565,-0.676277608,-0.121112089,0.864256853,1.501054021,-1.278789079,1.171841109,1.060972971,0.528234205,-1.117035713,-0.647974998,-3.346548934,0.009058715,-1.029557158,0.190409212,1.125799377,-0.55626598,0.329688571,1.126758727
citrate,0.77189031,0.49394826,0.43117637,-0.85355057,0.08392973,0.89096673,0.56645568,-0.58129975,0.72721815,-0.08171862,-1.17586896,-0.79627087,-0.62204137,-0.48933488,1.78318535,-0.28637444,0.2690949,0.24200422,0.1883945,0.6468925,1.17162407,-2.13366364,-0.76217762,-1.37045057,-0.46532685,-0.52678647,0.55601319,-3.01479377,1.8752496,-0.21234332,0.104114,-0.31279814,1.05429446,1.47382266,-0.88889065,0.56410159,1.38596718,0.30971394,0.51126946,-1.36913615,-1.44670206,0.05022002,-0.60758227,0.10806189,1.60280551,-0.78364438,0.15245485,0.76588626
citrate-isocitrate,0.73437327,0.11624672,1.27192856,-0.81452346,-0.66079443,0.76067898,0.73664,0.01008316,0.19077176,0.18272735,-0.80090388,-0.74128764,-0.72749306,-0.79118938,1.2864175,0.36066795,0.59841261,0.17379739,0.27529708,0.37194217,0.6087324,-1.6176991,-0.37216139,-1.5281086,-0.69288614,-0.24135896,0.43896997,-2.75978975,1.83954724,0.18731483,0.14083315,0.0572762,1.22942404,2.01150552,-2.13915519,0.6096351,1.29275953,0.19174823,-0.83697183,-0.96746476,-1.79150853,0.3550991,-0.21584291,-0.65896744,1.40555865,0.57552308,-0.33856753,0.68276242
citrulline,0.27474351,-0.880651608,0.383422771,-1.219725678,0.247015262,0.847080811,1.474443439,0.001262174,0.473764858,-1.165514361,-0.030484196,-1.22261213,0.402707978,-0.73555023,3.057647367,0.002472271,-0.505160047,0.483875513,-0.203113572,-0.055090792,-0.391164903,0.253995417,0.27020301,1.542989188,0.350604755,-0.972699368,-1.976332085,-0.656255593,0.88708036,0.632292223,-1.277338312,2.112109234,0.265991249,-0.504737613,0.205736359,-0.191589288,0.203296367,1.10631842,0.227253649,-2.272587039,-1.638669003,-0.79302504,0.896612411,-0.161828306,0.933979444,-0.368485406,-0.633036998,0.318753525
CMP,-0.74849789,0.70923859,2.01380697,0.48977311,0.69975534,-0.0179779,-0.65834556,-3.2668144,0.54097138,-0.60929791,-0.30875409,-0.31968683,-0.24441124,-0.1054229,-0.11941053,-0.58627547,-1.00930346,0.42378671,0.65161463,-1.29380181,-0.45439493,0.11815193,0.42250373,-0.42862972,0.66257483,0.78715978,0.32043516,-1.17122483,0.64563232,-0.05789609,0.47417815,0.81322056,0.76734483,0.52601344,-0.15776469,0.79471974,0.29736283,-0.84759828,0.10336596,-0.9354569,-3.39891498,0.80595931,-0.82115502,0.65373545,1.17211431,0.29046589,1.53113662,0.84601384
creatine,-1.06041544,0.17606608,1.31610695,-2.07761909,-1.46324544,0.41263604,2.15554356,0.85106154,0.82651726,-0.08470297,-1.11081384,0.242163,-0.3390992,0.10789232,-1.40105407,-1.13432136,0.76220456,1.25073504,1.63672519,0.97015491,-0.33831797,-0.49851505,-0.70579613,0.25044187,0.58769627,1.64106805,0.69951961,-2.13330629,0.66780152,-1.10482019,-0.03080576,-1.25501976,1.60295532,0.5615392,-0.3757448,0.06642774,-0.19163975,-1.66169967,-0.58685544,0.30275107,0.36440095,0.18953818,-0.14308051,-0.68782765,1.20170461,-0.53748448,0.24090831,-0.16237429
Creatinine,0.38458472,-1.0329577,0.81729842,-0.67251031,-1.93154939,-0.46021136,2.275814,1.69747713,0.45626935,0.12463576,-0.66463596,2.12962248,-1.44416439,-0.43167232,-1.17342535,0.43986496,0.22317505,0.74069248,0.52941031,0.21999784,-1.50149659,1.2160448,0.31956647,1.06190192,0.86972705,0.24984643,0.25917809,0.21968838,0.89695864,-0.75033328,-0.41978705,-0.11632107,0.48560322,-0.76979788,-1.62503696,-0.37481554,-0.81743625,-2.30180637,0.04152312,-0.83660159,0.75002674,-0.6138619,0.38874018,-0.92546178,0.83785323,0.80188748,-0.67441839,1.10091319
cyclic-AMP,-0.12357298,-0.33689858,1.54721835,0.15919969,-0.70175982,0.77254924,-0.86911986,-0.65597612,-0.01794345,1.43896083,-0.18437518,0.73141091,-0.02892142,0.30839796,0.76635295,0.86674066,0.54470712,0.15729977,0.61327042,0.12600218,-2.36707417,-0.49805945,-0.37763772,0.57891294,0.083739,-2.64674884,-0.72732864,0.50355718,2.01478511,-0.3571749,-0.07593973,0.12409461,-0.18943239,1.47868438,-1.42385531,0.71287412,0.30445047,0.52602433,-0.20026934,-0.35516396,0.35715928,0.21759593,-2.33568942,-0.90922634,0.06180914,0.72695165,-2.00284306,1.66226245
Cystine,-0.426377185,-0.795890635,0.555666306,0.234730708,-0.673399169,-0.250513645,-0.983953541,-0.047315808,0.005321463,2.047292238,0.193621895,-1.73163553,-0.765683523,-0.192904073,3.471647951,0.777816909,-0.20720612,0.502606639,-1.20725756,-0.923734892,-0.560701891,-1.555693074,0.145679448,-1.170174518,-0.929808432,-0.291843709,0.110374702,-0.775708897,-0.576039034,0.654688024,0.702995668,1.694385511,-0.049470345,1.292577443,-0.057722318,1.301924504,-1.328428479,1.943551307,0.347995673,-0.170496015,-0.023404037,-0.479816794,-1.183632799,0.028630779,0.615435753,-0.012847328,0.209997918,0.534718515
cytidine,0.16968992,0.47494288,0.45105679,0.64349706,0.35062057,0.60424396,0.38445345,0.62979537,0.39003659,-3.53529572,0.28633436,-0.04946754,-0.07477801,0.13633774,-3.81836047,0.25546234,-0.34137036,0.36395009,0.38048553,0.18708765,0.75306047,0.23729729,0.38926561,0.13492817,0.32269512,0.02713196,-0.05932457,0.09119001,0.18007116,0.12115959,0.48722487,0.49805695,-2.50928546,-0.23166466,0.30209796,-0.04093214,0.59747434,0.36371943,0.5114789,-0.25773864,-0.16948199,0.34985638,0.33343492,0.39511546,0.76738999,0.09391597,-2.56331604,0.98645674
cytosine,0.02749679,0.49213795,0.29581742,0.54721196,0.42543112,0.05400184,0.79667331,0.190919,0.48650025,-5.00904332,0.90155303,-0.03596079,-0.88757162,0.28724539,-2.24309889,0.73543417,-0.18667234,0.32322569,0.46458129,-0.91513981,0.3220276,-0.03037584,0.6605749,0.240325,0.20414728,-0.50605443,-0.26272731,0.30541921,-0.17884596,-0.13113187,0.15275697,0.79869016,-1.44830181,-0.28466445,0.45211554,0.13067942,0.60823922,1.29361923,0.46182165,-1.13656209,-0.44995239,0.47127751,-0.57198829,0.27419734,0.53493928,0.45409349,-0.6322049,1.51714313
dehydroascorbic acid,-0.95791273,-0.98227317,-0.73414551,-1.06844346,-1.04758366,-0.82389861,0.99273322,0.68559998,1.65135433,0.70891878,0.80272606,1.23779011,1.98238326,0.43248586,0.71018886,2.12754113,0.177026,1.44936597,-0.73693192,-0.82424941,-0.96854523,-0.86650947,-0.8631779,-0.8320768,-0.86318565,-0.79957788,-0.84840282,-0.95515243,-0.79231646,0.83451959,-0.87638779,0.82160607,0.48064177,-0.8224307,0.76322486,0.9300764,0.77547971,1.9711295,0.35855656,1.08577516,0.91065627,-0.09959887,-0.86533939,-0.92118107,-0.76611143,-0.91514822,-0.84028008,-0.81891878
Deoxycholic acid,1.63112235,0.65641811,0.10928448,0.03362401,0.38242251,0.84345565,-2.47178052,-1.07670075,-0.79630163,-0.90098906,0.18277408,-0.62810778,0.61724354,0.63325279,-1.22544922,-0.10149874,1.06406338,-0.5697461,-0.79207546,1.33709134,0.74899571,0.08303957,0.23279488,0.04111072,1.073896,0.10425017,-0.25282632,0.50801531,-0.30727024,0.7276985,0.60363339,-0.03471133,0.76699304,-0.95824371,-0.66657044,-0.04754236,-0.20278299,1.39037295,-0.06259433,-0.53669562,0.22485024,-0.37310507,0.99130683,0.07473841,1.43423512,-2.88894598,-2.74363332,1.14088789
deoxyribose-phosphate,1.57601169,0.50945574,-0.5847838,1.0615923,-1.6226496,0.36989582,-1.2496053,0.71198296,0.67830858,-0.37226039,1.64974191,-0.37808707,-1.67790646,0.19408579,0.20319632,0.51510667,0.66113267,-0.79193912,0.19476922,-1.33629115,-0.45042981,0.98051652,1.16599813,1.31763343,-0.55070917,1.3521876,-1.12258981,0.02298136,2.37313745,-0.03745438,-0.07312088,-2.12400337,0.2737268,-1.1605029,0.34634027,-0.85373712,1.12296264,-0.72821082,-0.09530714,-0.27234715,-0.80134136,0.03117613,-1.4792274,-0.14767747,1.02843767,-1.12809601,-0.38053866,1.07843866
deoxyuridine,-0.558623015,-0.67688789,0.527720025,-1.095226907,-0.99395687,0.091987541,4.630088091,0.247745502,0.127757087,-0.460832016,-0.332365053,-0.065817088,-0.340928882,-0.433461952,-0.568431044,-0.575105442,0.022073217,0.366120181,0.514192562,0.090284482,-0.610241594,-0.114879245,-0.098705159,0.052284142,-0.098742782,0.210059627,-0.02697523,-0.545222319,0.245312286,-0.555053994,-0.162836411,-0.137008964,0.245312286,0.099113977,-0.419647135,-0.5662277,-0.252072735,-0.91628966,-0.346179098,-0.327820873,-0.005054622,4.153895283,-0.109198723,-0.380298424,0.372532168,-0.35101022,0.012458979,0.116163611
D-erythrose-4-phosphate,-0.271486669,2.414439521,-0.757421951,0.124380747,0.314543684,-1.00302281,2.500604207,-0.824870595,0.290388736,-1.517368807,0.948437123,-0.349034191,-0.663911448,0.781419481,-1.310484969,-1.216828194,-0.740566446,-0.139728522,0.693084623,0.004326585,-1.256831916,-1.239377196,-0.572994404,-1.048428664,1.683280928,0.055725208,0.736805439,-0.989651803,1.609509399,0.005436348,1.522269785,0.418061877,-0.27761644,0.551976761,0.525576258,-0.663718145,1.37511817,-0.829188034,0.493398952,-0.390884521,-1.504331593,0.454447234,-1.114488733,1.042270243,0.410544928,-0.336256368,0.589745487,-0.52729931
dGDP,-0.65012188,-0.815383295,0.867916219,-1.399963435,-1.258450332,0.259030732,1.098368969,0.476684374,0.309014514,-0.51347033,-0.333952684,0.038517109,-0.345919639,-0.475223847,-0.663827461,-0.673154156,0.161333592,0.642099226,0.849013164,0.256650905,-0.722252844,-0.030041552,-0.007440147,0.203549848,-0.007492721,0.424022745,0.092794089,-0.631395967,0.473284237,-0.645134589,-0.097056115,-0.060965262,0.473284237,0.268989097,-0.455919246,-0.660748545,-0.221753504,-1.149919435,-0.353256206,-0.327602721,0.123425591,-0.326980585,-0.022103683,-0.400933996,0.651059231,-0.360007137,5.64861946,0.292813979
D-glucarate,-0.10937,-0.2219159,0.2255254,1.2305551,0.120086,-0.8956493,0.1538992,0.5525715,0.7162891,-0.1847534,1.0495266,0.3027637,1.3139892,0.4812207,-1.8110739,1.2617812,-1.1613491,1.0415342,-1.5152214,-2.6887975,-0.1649876,-0.7328686,0.7629357,-0.1709085,-1.3454187,-0.5427057,0.5774963,-0.2852266,-1.9078636,-0.4233564,1.1990944,0.2463497,0.4797665,-0.5865599,1.4507287,-0.8889724,1.1043814,-1.2011293,0.3220277,-0.92816,-0.5835729,-0.3372145,1.1740081,-0.2771861,2.2878475,0.6375473,0.1070163,0.1653196
D-gluconate,3.09753042,0.52307129,-0.19556386,1.02811117,-0.41195654,0.27358549,0.53121229,0.66292944,-1.27063546,-0.14458251,-0.07372386,0.45393737,-1.93157808,0.92429988,-1.17857251,1.65841398,0.34889152,-1.21476396,0.10521287,0.95859891,0.72463027,1.06484782,-1.31794091,-1.12917666,2.38656078,1.56982619,-1.06339458,-0.01764519,0.30122304,-0.59420911,-0.57947893,-0.93816633,0.73259873,-1.0696344,0.30866034,0.08119121,0.01143058,-0.79007582,0.12095244,0.04181723,-0.76719444,-0.24260112,-0.33399735,-0.42191228,-0.53415058,0.51607536,-1.04305873,-1.16159544
D-glyceraldehdye-3-phosphate,0.34169311,0.68328849,-0.5606511,-0.16569747,0.30511756,-0.48558497,-0.31571286,-1.16756392,-0.78555252,0.29660223,0.09715894,-1.15024591,0.05962513,0.60135296,2.44124783,-0.09167512,-0.71058192,-0.37105495,-0.21426245,-0.47510888,0.38852293,-0.6422564,0.50992721,-1.04682988,-0.13507558,-0.62639707,1.45024382,-0.95624708,4.45644785,0.21953561,-0.69424969,0.20570309,0.69102223,-0.38141941,-0.91962168,0.39544976,0.20766993,0.29009762,0.04301198,-1.54788144,0.45436207,-0.35956767,-0.11187062,0.54272446,-0.09681419,0.61471701,-1.90942134,0.62582231
dihydroorotate,-2.73446659,-0.89293424,0.16138523,-1.04782034,0.07454246,0.95769397,1.81822873,0.43598177,-0.13633881,-0.87793404,0.61126,-0.81554559,-1.0293854,-0.23784732,-0.28587278,-2.61112348,-0.75028053,1.37726128,1.49266282,1.40959283,0.47148994,-0.84022511,-1.17843908,0.49906179,0.90066751,0.38837224,-0.03318541,-1.25831786,0.08482819,-0.3030816,-0.76239825,1.09304044,0.67319063,0.13016168,0.05860864,1.20541602,0.65717225,0.39994989,-0.56483365,-0.28577975,1.11933018,0.59934596,-1.0293854,-0.51451902,0.24110436,-0.88999384,0.60587709,1.61348215
dihydroxy-acetone-phosphate,0.81754568,1.792975,-0.48536847,-0.69946754,0.71741192,-0.14096633,-0.62599347,-1.13005817,-1.878116,-0.4907056,0.21111993,-0.78333267,2.85710429,-0.3301635,0.29516073,-0.88457874,1.42608936,0.5469735,1.0871951,-0.5958305,-0.21485585,-0.67578593,0.25311891,-0.65281338,-1.28319612,0.98297865,-1.54145415,-0.96804085,0.38619573,1.47818171,1.57885912,-0.4701762,0.2017632,0.22706923,0.86585629,-0.29138177,0.7276051,1.60196882,-1.03419973,-0.58913284,-0.73162901,-0.38902301,-1.90390908,0.2240071,0.83129051,-0.52006128,0.07538261,0.12438767
dimethylglycine,-0.595295225,-0.275539716,0.131768092,-0.556895518,0.924361352,-0.451095301,-0.182314377,0.166631263,0.355184996,0.101938443,0.110317146,1.377396924,0.065042896,0.438027929,1.531436015,0.126399836,2.064372043,-0.560636451,-0.08497118,-0.313659942,0.169304466,-0.436829253,-0.154187817,0.329978774,-0.906133348,-0.978701491,0.427233133,-0.77076017,0.824265563,-0.410355026,-0.082962716,1.388436508,-0.479132735,1.5625674,0.089883746,-0.516026698,-0.575307715,0.399783059,0.009569219,-0.499112052,-0.162373571,0.127970706,-1.406503034,0.683854023,0.64551648,0.25516248,-4.769615218,0.862006062
DL-Pipecolic acid,-2.16098033,-0.47578525,0.23141517,-0.94956142,-0.07061426,0.47674981,0.27740819,0.94007132,0.20914583,-0.69140057,1.28904175,-1.63373047,-0.07790166,-0.99183457,1.2845182,0.55047698,0.28484755,-0.80475503,0.47720765,-0.36620125,0.43583454,-0.14219596,2.50352972,1.09033515,-0.15485458,-0.84769275,-0.63321684,-0.34437923,1.030436,-0.10420216,0.82917765,0.96452719,0.22420889,1.14898648,0.13304302,-2.20802438,0.31284309,-1.3370751,-0.37440713,0.12832301,-0.15565524,1.00497028,0.21070936,0.38716704,1.25566469,-0.35957696,0.06793512,-2.86452853
D-sedoheptulose-1-7-phosphate,1.48209465,0.54144722,-0.04028248,-0.69008106,0.52412047,0.16682937,0.61365777,-1.93634473,-0.00202844,-0.61823407,0.22985567,0.51125638,0.40755111,-0.73975829,0.79997385,0.45432923,-0.62551706,-0.09434459,-1.18916336,0.10489511,1.13081229,-0.53726304,1.1014565,-2.19848579,-0.97401172,0.71772848,-0.7540148,-1.75507377,2.86718789,0.10764288,1.20810043,-1.22357945,-0.11456917,-0.35908149,-1.20246674,1.10529964,1.19218017,0.7668212,-0.92433156,0.1851003,-1.73274964,-0.02166978,0.37403217,-0.19596464,0.92664105,1.18060567,-0.67563436,-0.09496946
dTDP,-0.739070556,5.321533286,0.986802145,-1.592153865,-1.431113516,0.294688403,1.248722361,0.542109368,0.35150999,-0.5836567,-0.379511109,0.043994533,-0.393119143,-0.54016137,-0.754658688,-0.765266548,0.183622972,0.730134427,0.965317234,0.291982987,-0.821110816,-0.033952226,-0.00825562,0.23161639,-0.008315394,0.482247306,0.105702236,-0.717772748,0.538244363,-0.733398263,-0.110145867,-0.069111297,0.538244363,0.306009166,-0.518207841,-0.751156849,-0.251929926,-1.307621446,-0.401461849,-0.372290386,0.140526658,-0.371582939,-0.024927257,-0.455679042,0.740318867,-0.409138636,0.168349507,0.333093335
dTMP_pos,1.69187176,0.77297023,0.56059603,-0.97307938,-0.63926211,1.06308513,-1.0704923,-0.12689245,-1.25559054,-1.83456133,0.27610559,-0.58963549,-0.63185928,-1.29471879,-0.27666466,-3.49857438,0.76980652,0.27183972,1.60277588,0.37074254,1.37412015,-0.80394956,0.60355866,-1.4468449,0.18552984,0.43073638,-0.18173269,-0.55766703,-0.12950722,-0.50337324,-0.76644866,0.83796291,0.1534814,0.84555476,0.23970397,0.32856044,1.66901073,-0.50721928,0.05324801,0.64993175,0.83564022,1.22053671,-1.26999604,-0.3317659,0.70431456,0.1557885,0.46014953,0.56221332
FMN,0.26165364,0.5346366,-0.22560456,1.355447,-0.42585605,-0.54813861,0.30120183,-3.29442658,-0.84390152,1.53952052,-0.52177519,0.59949303,1.05199431,0.24931444,1.0188669,-0.50636832,0.06225401,-0.97816199,0.07516544,-0.75015337,-0.06662923,-0.65900185,-0.39684906,-0.56962031,-0.0604047,0.1623934,1.0746513,-0.24088042,0.43791396,1.10889783,1.05224486,-1.4007851,0.12318726,1.14206051,-3.65073365,-0.37094811,-0.26682538,1.17012004,0.85178175,0.88809836,0.66765128,0.22205794,0.20120967,-0.62639998,0.30446452,-0.3863656,0.11240771,0.22114149
"fructose-1,6-bisphosphate",0.536821563,-0.430497467,0.224197945,1.171810202,-0.745771629,-0.987359433,0.778625757,0.486988353,0.002366685,-0.074626585,1.197865134,0.61802742,-2.711209205,0.695185419,-0.578246944,-0.428088316,-0.046518785,-2.313068035,-0.183337491,-1.348598715,-0.177989568,0.078757682,1.541008354,-0.641535243,1.027376999,0.084312191,0.735965394,-0.449515086,2.065430433,-0.078652269,1.030170828,-1.132264245,1.531418694,-1.439318581,0.385055454,0.161384041,-0.05757774,-1.603685472,1.037064429,0.01123039,0.511040989,0.899499632,-1.186725777,-0.932198452,-0.973712974,-0.059004785,0.889822709,0.8780761
fructose-6-phosphate,-1.309936,0.42408166,1.53470414,0.21492717,0.78656342,0.12400977,0.10007605,0.5095055,-0.8218572,0.20532498,1.91754628,0.44840676,1.09264705,-0.1069755,-0.92961901,0.46559988,-1.08014529,0.10834357,-1.93360228,0.21952261,0.87693599,-0.34932451,-1.48232309,-0.48815357,0.64203223,0.86168211,-0.47662877,-1.05780075,-1.9418846,0.62837025,-0.21289255,0.83796638,0.07736224,0.22558739,0.27204326,0.01343061,1.39937494,0.86357379,0.32432772,-0.27634294,-0.49468342,0.57863506,-0.67394947,-3.2732148,1.0437567,-0.09458268,-1.18591816,1.3934971
fumarate,0.019535771,0.039206378,1.522274261,0.179523853,-0.902837841,2.196751024,0.84738111,0.04662247,-0.111935172,0.6296373,-0.008616837,0.618342528,-0.216893498,-0.008438811,-0.35063299,-0.049708285,-0.462403259,1.644446437,-1.025589104,0.396974929,0.925116042,-0.815009044,-0.944469576,-0.747014049,-0.19662468,0.029447891,1.283685327,-1.025170636,-2.093399774,-2.339927616,1.146434355,-0.560083043,-0.999612683,0.029447891,-0.561453374,0.030091713,-0.829889067,1.705107266,-0.126646999,0.139354435,-1.392992778,-1.107914055,0.529670491,-1.065271077,2.304642629,0.862407141,0.205015534,0.61141747
"glucono-1,5-lactone",3.052327484,0.244268054,-0.460345985,0.442528391,-0.399877496,-0.709682097,-0.871626261,-0.406132151,0.275673859,1.982556938,-0.967739835,0.826577903,0.064271723,-0.292312987,1.970509634,0.611725236,-0.552945637,-0.93503832,0.022666417,0.488250555,1.011162137,1.09049455,-1.05922867,-1.015792568,1.228171346,0.937210049,-0.611081983,-0.097044036,-0.530340351,-0.905056907,-1.553539186,0.810158295,-0.790531352,0.058356472,0.47967453,1.011274121,0.004961506,0.090289608,0.695293673,-0.850215762,-1.524073501,-0.000581175,-1.344665065,-2.299080181,0.280750589,0.56010075,-0.140052763,0.077730448
glucosamine,1.20118299,0.20148685,-0.36587063,-1.73361563,-0.22050985,0.90524594,0.01878273,-0.44973758,-0.56021203,-0.7758806,1.25634429,-1.82646944,-1.03214315,-1.16391109,0.87686991,0.26906517,0.22004774,-0.58488013,0.14168825,0.74579403,1.70964916,-1.58779162,1.61132434,-1.58697834,0.37803752,0.87741749,0.69677298,-1.42994744,0.08893558,-0.02302595,0.60798678,0.91818026,-0.37904108,0.61065603,-0.1993318,0.32923624,1.52677276,-0.52634292,-0.36983927,0.62741697,-0.57049031,1.30169053,0.44242515,-0.77325492,1.52765925,-0.12141347,-0.15758698,-2.65239471
glucose-1-phosphate,-0.13244991,1.14866431,-1.84143647,-0.28438753,0.5867551,-0.56267156,0.16173587,0.48418703,-0.13655529,0.51152704,-0.5918219,-1.80453883,-1.42175339,1.48870684,1.2079103,1.75096373,-2.25766817,0.23082396,1.12801991,0.85843865,1.52837509,0.97079978,-0.21807594,-2.28164746,0.82172576,0.50577511,0.51757736,-1.15682929,1.21385398,-1.45773376,0.44307853,0.593336,-0.05312613,1.00644782,-0.05570373,0.41871251,0.04076318,-0.22738613,-0.57846129,0.26933724,-0.02434741,0.16078049,-0.96869763,-1.81590627,0.07495819,0.27522429,-0.03194157,-0.49533839
glutamate,-1.9611506,-0.29048844,0.30936515,-0.83405036,-0.09008025,0.82739359,-0.67736202,0.42906936,-0.49418398,-1.03395586,1.00996056,-0.91478458,-0.34050948,-0.93267219,1.66612329,0.47190148,-0.15347865,-1.02361731,0.65841945,-0.99899827,0.37876869,0.47919764,3.00749431,-0.0291704,-0.34237709,-0.8331693,-0.13640705,-0.57041276,1.09180015,0.1064395,1.62984929,0.47579105,0.2844202,0.76332416,0.11109459,-1.73707595,-0.00205636,-0.91323772,-0.09810658,0.07063147,-0.49073795,0.25610912,0.08813485,0.79689376,1.21972497,0.39182376,1.20841199,-2.83405922
glutamine,-2.41944482,-0.35436732,0.46092852,-0.32984955,0.29028051,-0.13833553,-0.35767945,0.41178382,0.02205526,-0.91146007,1.48698206,-1.61718883,-0.53843815,-0.68104173,1.72076011,0.74337965,-0.02736037,-0.50920514,0.58735499,-1.35740529,0.34335627,0.07663168,3.03239414,0.75748538,-0.66261316,-0.91140418,-0.20037965,-0.86224922,1.35042699,-0.05924799,0.8231831,0.75845445,0.13573497,0.84976667,0.32868807,-1.53623276,0.22378524,-0.63785296,-0.25052887,-0.01089153,-0.61256605,0.6236936,0.37936573,0.49868084,1.28193701,0.0878213,0.22345513,-2.51264287
glutathione_pos,-1.25803035,0.16480426,0.88586282,-1.58834174,0.57387586,0.08685148,0.45384699,-0.71514574,-0.13877619,-1.56090756,1.97699441,-0.53238988,-1.0477529,0.04813719,-1.96153617,-0.2949699,1.36369648,-0.23366694,1.90395074,-0.07589533,0.23111944,-0.47272236,0.41416122,-0.14914896,-0.07033043,-0.4728115,-1.00799313,-0.89701349,0.99582253,0.10214245,0.98318107,-0.42337034,2.25289289,-0.09985679,0.91607995,0.47818267,1.64135005,-1.25393326,-1.03058299,-0.49893094,-1.10369192,1.22417165,0.03952665,0.02221895,1.48591183,-1.18483857,0.64088307,-0.8130273
glycerate,-1.4586525,0.62725785,0.49851949,0.07512378,-0.01421603,1.45500078,0.74042215,1.41954191,-0.32182546,-1.15252911,1.63035634,-1.43463452,-1.93710115,0.12114469,-0.23410862,-1.96317292,0.71802224,-0.34193852,2.03102844,0.94289095,0.39070394,-1.08190894,0.06673127,0.49373869,0.64448628,-0.27969259,0.24294582,-0.20148598,1.61844551,0.48135687,-0.53157235,0.24745235,0.53162241,1.06983103,-0.24696007,-0.59556699,0.95790613,-2.4068882,-0.2805389,-0.79552728,-0.08263286,1.01471041,-0.84686041,0.58514133,-1.07727682,-1.37791073,-0.3528084,0.41142868
Glycerophosphocholine,-0.303755235,-0.561061384,0.606623968,-0.378488413,0.547842826,-0.0844819,-0.000923959,0.515700433,0.258917684,0.456726965,-0.666790746,-1.970231399,-0.707593239,0.932375332,2.128026303,-1.286205291,-0.988068415,-0.490161688,-0.407023525,0.059200357,-1.358315894,0.573159468,-0.299393834,-0.034618508,-0.376457204,0.703554891,2.670642171,-0.062516645,0.34637548,0.78254838,-0.63459388,0.873186232,0.691982834,-0.232217501,-0.219895863,-0.737755306,0.97913764,-1.348986599,-0.420997438,-0.777703911,-0.909954016,0.137015146,-0.990747367,-1.135218349,0.275738751,0.215657575,3.476189034,0.153556038
glycolate,1.04703229,-0.35410169,-0.06338346,0.55777416,-0.39857787,0.33143767,0.03858956,0.66027185,-0.17067464,-1.39929661,1.10491415,0.67446219,-1.6030077,0.54553195,-2.8547145,-0.72150165,-0.42774726,-0.96202339,0.55212074,-0.74560579,0.132348,0.55250588,0.48701947,2.06617815,0.6598002,1.07371818,-1.11175187,-0.21557225,-1.07412156,0.39568013,-0.45854854,-1.31080666,1.61224071,-0.71580702,-0.59160231,-1.03014735,0.95278488,-2.45372066,0.89057382,-0.30920795,1.12648146,1.04703229,0.31016944,0.22107321,0.6198476,0.50884783,-0.24354737,1.04703229
glyoxylate,0.27316445,-1.30032654,-0.599289,-0.97392856,-1.93693349,0.78817663,1.0510207,1.02807547,0.57335792,-2.41084253,-1.14770263,0.35059042,-1.10715385,-0.42962677,0.27568427,0.83658014,-0.38008935,0.63939207,0.95068286,0.56380371,0.58219002,0.65501485,-0.04402775,1.03289514,1.14705308,0.5310263,-0.79597102,-1.77604063,1.05512731,0.07304236,-1.58026912,-1.42544206,0.83966931,1.22133616,-0.91130399,0.2074367,1.16283421,0.7045046,-0.07487202,0.85796673,-1.0389632,1.67090032,-1.24479423,1.08401234,-0.71872955,-0.3729992,0.232049,-0.11828159
GMP,-0.934088742,0.117163332,1.340464603,-0.497132855,0.875690737,0.379558065,-0.274819002,-0.68047938,0.237086489,0.683692358,0.077546644,-0.048976397,-0.098641838,-1.238362002,1.420199051,-0.655211078,-0.105833185,0.362796814,-0.368807159,-0.182089825,0.281331279,0.602489027,0.488258393,0.108685811,0.422273106,-0.006713357,0.959169727,0.117030748,0.382308889,0.181382141,0.741766069,0.946539531,-2.952097062,-0.587126471,0.381932032,0.42157919,0.198168193,-0.230681567,-0.197010548,-0.525129698,-0.641929567,-3.25372023,0.483136746,0.726056482,-2.885113039,0.78816434,0.884473448,1.755019755
Guanidoacetic acid,0.35972075,-0.61524565,-0.01226282,-0.29327755,-0.04081177,-0.29378977,0.11523779,1.49698846,-0.72942451,0.04952043,-0.0270493,2.13128087,-3.36079686,0.70739779,-0.0228745,-0.45193326,-0.08099554,-1.04138445,0.18458398,0.0465149,0.2960063,1.07546503,1.23388969,-0.23121086,2.63185801,-0.17816858,0.04079529,0.80107237,-0.26682571,-0.94045862,-0.24337993,-1.18207768,1.19408085,-1.16603368,0.67593686,0.06806369,-1.06216286,-2.23170671,0.49799746,0.49215376,0.09824878,0.33323919,0.72062953,-0.81948645,-0.87424132,0.1705465,1.00328559,-0.25891547
guanine,0.546980008,0.21696223,-0.535229932,0.413696937,0.52063914,-0.223472532,-2.97076768,0.018003721,1.039978951,-1.115750482,0.645438799,0.969024287,-3.237042413,0.063551467,-2.466098892,1.425766838,0.154351011,-0.461890704,0.575005775,0.578195742,-0.703403764,1.349617275,0.319328084,1.033874215,1.206453395,0.550821606,0.05675108,0.778980437,0.079529873,-1.139067642,-1.026998747,-0.829493991,0.644736697,-0.73780409,0.283154722,0.007100165,0.246506005,-0.272009572,0.174434365,0.240260409,-0.037725785,0.27787627,1.401084157,-0.612654084,-0.574312813,0.855754417,-0.170691507,0.440556551
hexose-phosphate,1.19597812,0.86984341,0.81745333,-0.01194985,-0.15071949,0.62409423,0.32358817,0.42979536,-0.22391427,-1.74727974,2.30279265,-0.49968147,1.29062252,0.0749406,-2.87128698,0.39505286,0.58439244,0.45978428,-0.97987761,-1.07315854,0.26431839,0.45537262,0.46619207,-0.79820197,0.23872331,1.62946573,-0.49968147,-0.27155832,-0.14266062,-0.22705342,-0.49968147,-1.3049513,0.14816273,0.33017099,-0.4145921,-1.41464214,0.53566403,-0.22050647,0.8612879,-0.38560259,1.30688486,0.81041024,-0.76497889,0.11668732,1.72997965,-2.15092529,-0.32889959,-1.27985425
histidine,-0.525222752,-0.581883097,-0.005404923,-0.782477404,-0.733891005,-0.213791339,0.073438114,-0.139287329,-0.196680121,-0.47838473,-0.41687085,2.690798306,-0.420970915,-0.465277576,-0.529921058,-0.53311834,-0.247239277,1.798049678,-0.011872679,-0.214606061,-0.549950795,-0.312770414,-0.305030368,-0.232785515,-0.305048373,-0.157312165,-0.270706968,-0.51880366,-0.140451088,4.751158159,-0.335721481,-0.323360875,-0.140451088,-0.210382164,-0.45866217,-0.528865587,-0.378433316,1.603952172,-0.423484574,-0.414695285,-0.26021861,-0.414482136,1.725062616,1.495529182,-0.079609344,-0.425797609,-0.25183915,-0.202226036
homocysteic acid,-1.16438714,0.74600075,-0.36573263,1.08323753,0.75488511,-0.20737837,-0.99835211,1.41516687,-0.0820741,-0.68917986,0.6056703,0.71143675,-2.58807354,0.55594729,0.41621144,-0.40659819,1.02656489,-2.06064935,-0.05794743,-0.93410425,-0.22973077,1.5829105,0.67731712,0.71311016,-0.4957374,0.40392283,0.23268957,0.15721532,0.20738375,0.08598821,0.72592331,-0.354819,0.72061355,-1.61050451,1.14350901,-1.73507404,0.27318197,-0.99173865,-0.24559058,-0.64044404,-1.28483938,0.82126256,0.99582981,0.32717538,0.64441163,1.75115054,0.48051922,-2.11628004
Hydroxyisocaproic acid,0.45949824,0.77124646,0.44406074,-0.62658799,0.09198947,0.30657238,0.71805502,-0.62658799,-0.415681,-0.32466441,0.29699305,-0.5416078,-0.62366303,-1.06363797,-0.45012511,0.82392203,-0.91466805,0.74539255,0.61004401,2.01039104,1.75461084,-0.33117734,-0.58678369,-1.70797221,1.68759332,0.24377275,-0.31556574,-0.19244844,-0.2397616,-0.40163785,1.20217964,-1.61803268,0.60690093,-0.40636549,0.39341782,-0.10932983,0.84945798,0.57986821,0.14863522,2.06522802,-0.22372704,1.08384175,-2.18211246,-2.36536008,-0.03170963,0.4838602,-0.05714704,-2.0211772
Hydroxyphenylacetic acid,-0.48577264,-0.70278258,-0.27094697,-0.28721245,0.58779063,0.69818814,0.74560544,0.54416962,0.39949597,-0.88305069,0.60217027,0.63851693,-0.82957804,-0.30092711,-0.31800023,0.29187644,0.09985812,0.75140125,0.23810236,-0.06949959,0.72501268,0.4515736,-0.73379583,-0.35202827,-0.54883387,0.05831402,2.87884763,-2.06090372,0.03562633,1.00901448,-1.89220557,-1.34594505,-0.19841734,0.78115808,0.99514332,1.44824793,0.99873463,-3.49254434,-0.02790947,0.52308732,-0.03175112,0.95780534,-0.29160438,-1.12215657,0.39532231,-0.72104294,-0.34604499,0.45789093
hydroxyphenylpyruvate,0.76301358,1.10051937,0.53727506,-1.37693129,0.03051006,1.04743685,0.56225217,0.61295593,0.08921621,-2.18686824,0.84424775,-0.64082054,-1.04787791,-1.35768058,-1.66025882,0.76918944,0.26004458,0.32582005,0.72782713,1.80775247,1.80086786,-0.36736694,-0.29967195,-1.67853155,1.73336084,0.54216482,-0.54168754,-0.06334321,-0.05663106,-0.75241933,-0.12761764,-0.92896582,0.81289965,-0.28421635,0.2996096,0.18240593,1.53099978,0.12185509,-0.98938346,1.54233869,-0.43186461,0.52018239,-0.562491,-0.64562659,-0.15501199,0.12859105,-0.10828575,-2.42978419
hydroxyproline,-1.33417243,-0.21488391,-0.46000901,-0.17751282,0.78196798,-0.43595785,0.60013538,-0.94795013,-1.0288013,2.15607146,-0.78214862,-1.08418044,-1.39678865,0.96580405,1.25689257,-0.52138567,1.47257111,-0.0135967,-0.87687036,-0.80238032,-1.44022334,-0.5635227,-1.67863706,1.93611724,-0.41531535,0.42666862,-0.66718568,0.78042604,0.56008733,0.73011403,0.05579252,0.59191761,0.30333064,-1.14785605,0.05306329,-1.03003182,-1.00901588,1.28694234,1.24578967,-1.47358939,1.65708604,0.05641171,0.48621811,-0.78830948,0.32857589,1.53717315,0.40617753,0.61499066
hypoxanthine,-1.96E+00,3.32E-01,-2.76E-01,2.23E-01,2.60E-01,-3.39E-01,8.99E-01,2.02E+00,-5.77E-01,1.34E-01,1.25E+00,-2.71E-01,-1.43E+00,7.34E-02,1.14E-01,-9.15E-02,3.73E-01,-1.36E+00,1.11E+00,5.95E-01,2.90E-01,2.31E-01,1.83E+00,9.68E-05,9.63E-01,-2.44E+00,-1.36E-01,9.37E-02,1.29E+00,-2.67E-01,9.47E-01,-1.12E-01,6.86E-01,-8.77E-01,2.23E-02,-2.23E-01,-2.89E-01,-1.05E+00,2.63E-01,7.01E-01,-9.47E-01,3.44E-01,-2.21E-01,6.77E-01,-1.19E+00,9.02E-01,6.03E-01,-3.17E+00
Imidazoleacetic acid,0.369098938,0.665972073,0.826672111,-2.062762822,-0.413500742,0.754949508,0.362658978,0.88460026,-0.151670581,-2.399497379,1.13840546,-0.477620995,-1.26031966,-0.701769856,-1.892427278,0.478249329,0.577410052,0.633180752,1.085674125,1.733852303,1.152049739,-1.388428637,0.663844692,-1.027942826,1.19019232,0.792570983,-0.73314935,-0.43602112,0.311479788,-0.427341073,-0.308656394,-0.034930852,0.810707093,0.243072145,0.715871348,-0.940585886,1.885174935,0.002534815,-0.188711167,1.745334821,-0.301396619,-0.753307116,-0.683407312,-1.113525427,-0.653218987,0.269208823,0.465036684,-1.407609993
indole,-0.50248418,0.99288612,-0.60608738,0.18367496,-0.54076766,0.014839,0.39872749,-0.03949701,-1.14641082,1.54711858,0.40903703,0.1406268,0.40355452,-0.77096493,3.26710457,-0.79796295,-1.01834965,-0.19564268,0.98212471,0.0136031,0.74313833,-0.21842039,0.97583405,-0.39663016,0.35436564,0.81848635,-0.51079031,0.06843592,-3.8099203,-0.35134368,-0.05367333,1.44913005,0.38128174,-1.38868569,0.38478214,0.46779518,0.1817316,1.24081128,0.40027548,-0.35484596,0.30143509,-0.46242285,-0.11387837,-0.80362611,0.19424323,-0.7183687,-1.2201678,-0.29410206
Indole-3-carboxylic acid,0.6227025,-2.22188771,0.1796195,1.08677708,-1.92417207,-2.15638828,0.03287112,1.72210224,-1.83602029,-1.35716449,-1.24721399,0.73172484,-1.10452582,0.99927491,0.42246594,1.07831231,-0.20558166,-0.23400079,0.42246594,0.24288026,0.42246594,0.27696604,1.45804228,0.37112686,1.3492336,-0.81686276,-0.09752596,0.74829304,-0.13813733,-0.47733652,0.82582939,0.33201817,0.75395758,-0.63652564,1.52502199,-0.23816013,-1.77498511,-0.91156274,0.65590831,0.42246594,0.42246594,-0.30834162,-0.66258395,-0.35900523,-0.51524825,-0.01538424,1.05802147,1.07560138
inosine,-1.10328543,0.01671768,1.41525806,-1.02955761,-0.42869818,-0.13016533,1.08792509,1.02795575,1.12176446,-3.18567394,0.83350512,0.21161349,-0.16528756,-0.99581034,-2.21267433,-0.91979263,0.21572145,-0.44474921,1.47737476,0.08503782,-0.48620158,-0.18220245,1.11355232,-0.4902348,0.55635769,-0.74380163,-0.06546977,0.54116458,1.57774095,0.60483655,0.73939205,-0.24425378,0.91488382,0.26330183,-0.15229303,-1.15716449,0.68999298,-0.05931803,0.69228526,-0.2717804,0.68826086,0.82969977,-0.30222596,0.85941764,0.10929331,0.06179502,-0.28557063,-2.67863718
isocitrate,-0.73162066,-0.417109175,1.568203055,-1.687976641,-0.887285607,0.008582423,1.080600671,1.709585541,0.53823026,-2.422569809,-1.280316682,0.941708883,0.690941865,-0.96384808,0.609525618,-1.32984184,-0.934307632,1.400151105,2.023573814,-0.628405419,0.200691485,0.570827936,0.378068209,-0.676979921,-0.005390619,1.304306338,0.189139864,-0.589036716,-0.768713122,-0.273354807,0.728311787,-0.280397915,-0.799925899,1.541303059,-0.435191159,-0.037922972,-0.104100952,-0.026539186,-0.674614543,-0.157139987,0.76740394,-0.205822512,1.250275438,-0.673196288,1.746955058,-0.299469367,-1.619748464,-0.337560375
itaconic acid,0.160967801,0.459093233,1.449718695,-1.205226673,-0.075761172,0.544120098,0.394631722,0.315377306,-0.285611258,-0.188918506,-1.037190757,-0.247673349,-0.789123927,-0.760817733,2.572482673,-0.054915289,0.73972177,0.162327871,0.64857271,1.205799611,0.390404816,-1.750125598,-0.012466651,-1.410258126,0.003874202,-1.581345636,0.804556836,-2.80775406,1.611711395,-0.108245498,-0.254620541,0.324251712,0.685200697,1.565019324,-1.63125953,0.316770485,0.947807507,-0.532938284,-1.171195959,-0.599379357,-0.986512379,-0.064872324,-0.001035982,0.033951759,1.132531947,-0.372018047,0.567682893,0.892689573
Kynurenic acid,-0.550997613,-0.538370348,-2.258220804,0.460978017,0.756259348,-0.191358081,0.968300564,0.23003459,1.564579891,-0.287083327,-0.170926563,-1.691153976,-1.45281409,-0.051255834,0.204258379,-1.923010201,0.498850555,-2.085367511,1.592901329,1.36439321,0.249486881,0.480105617,1.318752617,-0.920164277,1.222625244,-0.523304154,0.877869759,0.302969253,1.258653238,0.331970738,0.623053671,0.098692924,1.230426709,-1.383007045,-0.009960351,-1.283620994,0.540978151,-1.164959574,0.104154656,-0.318727617,0.398964226,-0.281127079,-0.581894797,0.68932068,1.559617165,0.067101001,-0.20732738,-1.120646798
Kynurenine,-1.1196658,-0.8155009,0.0098609,0.5149821,0.5930064,-0.1206138,0.9828823,0.8625636,0.17993,1.3067602,0.7024634,-0.7447349,-0.5999467,1.1095718,1.5593224,-0.1034412,0.2478774,-1.7282349,-1.010676,-0.43956,-0.2467219,-0.4404074,-0.5320017,-0.5670106,-0.5852496,-0.145357,0.251972,0.5637844,-3.7132128,0.690244,0.3895886,1.7015141,-0.3635383,0.6510495,0.3967767,0.3455886,-0.2501292,-1.5274881,-0.7068339,-0.4089522,-0.3396145,-1.5271798,1.2098013,1.1241338,1.0308803,-0.5089136,0.837134,1.2832966
lactate,-0.463167937,-1.132296357,-0.249455172,-1.81919827,-1.148338801,0.153102421,0.916021275,1.246921675,-0.666155217,1.257422424,-1.391725481,-0.042378554,0.725019813,-0.63474472,2.53411635,0.18441218,0.670798849,1.284660139,-0.392867894,0.552989349,-0.321987366,-0.484112951,-1.064875056,-1.244876292,0.43183344,0.007113913,-0.13463534,-1.277612671,0.912965308,-1.078750788,-0.183524133,-0.150332255,0.910415056,0.55317926,-1.193831644,0.582496399,-0.798120371,1.392149422,-0.96064055,-0.307203333,-0.900573199,-0.171350145,-0.900636374,0.137515816,0.946273565,-0.317657163,1.635292573,2.39634881
L-arginino-succinate,0.23934935,-0.14216531,0.1692205,-0.26140164,-0.27633927,-0.43316032,0.05423828,0.16413475,-0.17675637,0.57963408,-0.54131784,1.50400926,-1.1593095,1.09808048,-0.23416914,-1.23382176,-0.36890162,0.79485517,0.52269668,0.14392346,-4.45519918,0.27913234,-0.63976238,0.7959153,-0.5817505,-0.50534267,-1.11943083,-0.33670511,-0.71558259,0.61056012,-0.05499879,0.66380592,0.44024484,-1.52553394,1.27339825,0.98864717,1.16985197,-0.31076668,-0.2314529,1.61868966,-0.94719391,0.37140827,1.05766723,0.76388332,-0.86737975,1.06373193,0.3756481,0.37571559
leucine-isoleucine,0.516566572,0.628199825,1.217568467,-0.610722616,0.60181545,-0.071541897,-0.270836395,-0.773867121,-0.64343332,2.117483098,0.294169458,-1.364895308,-0.239696769,0.004668948,3.915526996,-0.07437444,0.83740216,0.706735343,0.065489181,-0.999893608,0.812176474,-1.67579719,-0.935848711,-0.533658008,-0.539543141,-0.702343494,-0.690903893,-0.965415383,0.46114007,-0.3119984,-0.077171968,1.394167857,-0.343752028,0.552851778,0.341834723,0.717129478,0.751118071,0.875617173,0.821619322,-0.088585301,-1.162154272,0.024644438,-0.621312188,-0.770186664,-0.038990372,-0.158036112,-1.569471861,-1.423494421
lipoate,-0.64928492,-0.81441198,0.86684238,-1.3986939,-1.25722455,0.25884147,1.09693128,0.4761933,0.30875752,-0.51275843,-0.33342258,0.03861446,-0.34537684,-0.47454907,-0.66297863,-0.67229733,5.65207032,0.64136761,0.84796854,0.25646485,-0.72135487,-0.02985943,-0.00728573,0.20343461,-0.00733824,0.4236063,0.09282282,-0.63057542,0.47279801,-0.64430198,-0.09679326,-0.06074562,0.47279801,0.26878642,-0.45526355,-0.65990237,-0.22134632,-1.14874031,-0.35270566,-0.32707939,0.12341503,-0.32645792,-0.02193126,-0.40033385,0.65031433,-0.35944949,0.14785656,0.29257905
malate,-0.886152,-1.01603868,1.85896308,-0.55468907,-1.46818472,2.70905543,2.07431165,0.6652643,0.44244111,-0.99934524,-0.8703287,-0.79089909,-0.30319208,0.32860576,0.26336917,-0.59167885,2.04650493,1.1870216,0.03801426,1.16914284,0.22841275,-0.90712296,-1.60910281,-0.26491634,0.11858348,0.4595557,1.42011747,-0.5860622,1.21630205,-0.71766814,-0.54180631,0.05187136,-0.26942673,1.73142955,-0.40435478,-0.65185189,-0.99779665,0.56043901,-0.77156283,-0.51417873,-0.4431177,-0.57415758,-0.11806981,-0.01043499,-0.53910119,-1.03871618,-0.72044572,0.5909965
Maleic acid,1.02579937,-0.55994362,0.60548489,0.43397397,-1.56614602,2.05610955,0.05682027,0.97596969,0.45497344,1.02218132,-1.22408558,-0.70763461,0.83115574,-1.54309426,-2.50418154,-0.26825667,0.40904713,0.35056332,0.09137817,0.25772064,0.34588747,-1.27307492,0.05682027,-1.85113305,0.81897062,0.85553962,1.50724087,-1.28456671,-0.58790317,-0.44379779,1.20848387,-2.57610241,-0.23049451,-0.10978023,0.05682027,0.61306676,-0.01345136,1.50142285,0.23735997,1.07033387,0.21219145,-0.28036697,0.58432995,0.05682027,-0.29106932,0.05682027,-0.82126943,0.3830663
methionine,-0.24331873,-0.03429572,-0.05568601,-0.3847118,0.10730023,0.30167849,-0.35629298,-0.19740648,0.24719892,1.34587386,0.08827041,-0.79217618,0.36311249,-0.97163172,1.58598692,0.88556797,1.05665168,0.86286443,0.45588058,-0.22573593,0.94625708,-0.12581981,0.36160108,0.31050371,-0.43722606,-0.85107931,-0.11510328,-0.08070151,-5.39459498,-0.77107148,0.08209304,1.3499798,0.13137384,0.7875568,0.15730282,-0.60058731,-0.22146692,0.72897146,0.77429641,0.09521657,-0.3193138,-0.0381709,0.20615896,-0.06733991,-0.07321651,0.62862458,-0.86307439,-0.6403004
Methionine sulfoxide,-0.33665378,0.31445716,-0.97398731,0.82899892,0.13166693,-0.17880721,-0.45538354,-0.16637648,-0.06659327,0.63925153,0.99626877,-2.59952411,-0.01277457,0.60922186,3.49271898,-1.22853126,0.51491192,-0.95803913,1.0235745,-0.09529054,0.26504259,-1.59234339,0.28646949,0.77132857,-0.99711347,-0.23288788,-0.87995111,0.07453109,2.47922489,-0.12959788,-0.72391378,0.35019255,0.12227942,1.11472508,-0.05887793,-0.76586636,0.52561179,-1.15515633,0.52369522,-0.28314246,1.04238535,0.78275034,-0.58500927,0.56257131,-0.75693374,-0.96366106,-0.58653321,-0.66892922
Methylcysteine,-1.40832787,-0.08518761,0.62681709,-1.28223853,0.08772455,0.51746013,-0.17505894,0.70415669,1.64753589,0.11925703,-0.72573441,-0.7241689,0.0320875,-1.50994982,3.15571282,0.36275697,0.04048455,0.44110461,0.4460561,0.32121625,-0.44074711,-0.21300099,1.14616538,0.20047184,1.33384491,-0.09903452,-1.71508276,-0.72573441,-2.26920367,-0.01760706,0.18644421,0.92216401,-0.82601089,0.20470814,-0.31217962,0.50971424,-0.32030374,-0.40161631,-0.9063463,0.31163928,-0.96871785,-1.07530412,-1.01192427,-0.1216403,0.50189348,0.11630146,2.47268367,0.92671924
Methylmalonic acid,-0.68480877,-0.09357294,1.38060294,-1.82169545,-2.16219761,-0.45426374,0.85651503,0.38269139,0.62036201,-2.28488412,0.74655815,0.10615241,0.10422032,0.07403657,0.27533668,-0.40254176,0.29168975,2.12612981,1.23636404,1.53970008,-0.33338902,-0.76806471,0.56712433,0.19851094,0.78304969,1.34446925,1.74605051,-1.90064835,-0.27699614,-0.24751904,-0.19192606,-0.31189333,0.02127958,0.34774609,-1.08558076,-0.76856915,0.16811144,-1.50731274,0.42932038,-0.241695,-0.10472149,-0.01910743,0.6439616,-1.06845237,1.17457052,1.06665662,-1.27090485,-0.23046531
myo-inositol,-2.429588308,0.725959749,0.422777315,0.359715409,-0.300506787,0.040699495,1.004483506,-0.434134776,0.051395014,-1.025222068,2.030728824,-0.978315347,0.417464849,0.673854269,-0.949127978,1.612377956,0.282159031,0.587257784,0.292486054,-0.345776553,1.299442571,-0.006954026,1.412360604,0.536895083,-0.800054288,-0.70917418,1.264561578,-2.187740328,0.500837358,-0.847148765,0.340022338,-1.671842504,0.880675113,0.597471505,-0.733699038,-1.080263652,0.676727379,-0.035775875,0.280479123,-0.248174318,0.13485621,1.806856191,-1.08566703,-1.076401612,-0.605876306,0.083213675,-1.602092898,0.837778654
N-acetyl-glucosamine,1.39881888,-0.13988402,0.57106354,0.32162403,0.12668106,-0.08414991,-0.36686327,0.1247305,-1.34541312,0.01769215,0.3386119,0.55980131,-1.38820676,0.68439443,0.98753301,0.62421525,-0.12453924,-0.73003767,0.46775215,-1.62013481,-0.76930444,1.06561794,1.21806108,0.59912291,1.16585357,-0.24554069,-1.0748641,0.1002686,-2.36189138,0.14679381,-1.69387917,-0.22313206,1.43864188,-1.12069276,0.65800956,1.25919263,0.49467124,-2.68258065,1.6324536,-1.15902825,0.71028486,0.04147581,0.54105516,-0.28522416,0.55035769,-1.21445205,0.93857225,-0.15353228
N-acetyl-glucosamine-1-phosphate,-0.15541275,0.75157597,1.11872928,0.19443408,-0.94324613,-1.12604035,0.44053201,-1.44795955,0.45374663,-0.57437659,0.39060422,-1.62043133,1.70417904,0.44622306,-0.17014367,-0.25452712,-0.04777859,0.88348788,-0.77467426,-0.33390976,0.25385685,0.18193318,-0.04604237,-0.19194119,-0.22444344,1.45072713,0.31038224,-0.96790167,-0.31804322,0.58457798,1.50204366,-0.28033942,0.62533541,0.80348884,0.46697992,-2.49039872,1.14555709,0.17550829,-0.15502961,-1.26292684,0.93717436,-0.29359262,-2.99399046,-0.63475213,1.27597094,-0.97777353,0.44784482,1.74078245
N-acetyl-glutamate,-1.81852309,-0.14096849,0.85288511,-0.36243269,-1.18337014,0.23826338,-1.03146503,0.92874417,-0.3480721,-1.83333182,0.86004064,-1.13821922,-0.2181727,-0.09152076,1.61448661,0.77222153,0.54916723,-0.57773868,0.17091204,-2.1993182,0.91833879,0.38134169,2.7608845,1.21927857,-1.08464833,-0.41696433,-0.10030916,-1.26929621,0.94792191,0.39748504,1.50186736,0.14007624,-0.29838846,0.6197052,-0.06660983,-1.15941504,0.01808317,-0.13030202,-0.31312544,0.44856002,-0.5208503,0.44126866,0.28241722,1.09208316,0.94058321,-0.13082599,0.30676797,-1.96951539
N-Acetyl-L-alanine_neg,-0.62141541,1.22816659,0.12380449,-0.50650721,-0.32991799,0.27698591,0.20192379,-0.43426372,0.0364277,1.02102565,-0.14679581,-0.48736455,-0.30767244,0.79615555,1.09934569,-0.25869913,0.80539564,0.32805496,0.98138828,0.11491935,1.64054597,-1.96774554,-0.53441769,-1.97626465,-0.04576249,0.73412626,0.69765837,-3.39725049,0.7293337,-1.22022447,-0.17089788,-0.95635385,1.30805608,0.92354179,-0.0313453,1.66767829,0.63511456,1.32520568,-0.52456607,0.43144727,-0.7549843,0.99072443,-0.71760236,-1.00144204,0.5200046,-0.60278265,-0.58334164,-1.03941291
N-acetyl-L-alanine_pos,-1.31565539,-0.146846889,1.530476468,-2.225661732,-1.548294859,0.725236203,1.523489566,0.706043704,0.922230015,-0.066119681,-0.996414738,0.533446736,-0.511162287,0.028487153,-1.299298086,-0.965850287,0.822228919,1.130153892,1.955570836,0.741495003,-0.388087635,-0.576070957,-0.581792298,0.231321492,0.591862132,1.554712618,0.924383913,-1.689589454,0.573992569,-1.202075905,-0.289828459,-1.107643471,1.774222942,0.83051058,-0.203877466,0.016401145,0.106350294,-1.581712709,-0.66425429,0.008350325,0.696619036,0.218245176,-0.480882148,-0.904143239,1.331217926,-0.44441058,-0.183572865,-0.103803218
N-carbamoyl-L-aspartate_neg,-0.649445269,-0.814681615,0.867095342,-1.399504957,-1.257879632,0.259031656,1.097182719,0.476418463,0.308957108,-0.512840624,-0.33341739,0.038752505,-0.345376959,-0.47461124,-0.663147414,-0.672471907,5.651103388,0.641609617,0.848221082,0.256654561,-0.721560854,-0.029741373,-0.007160877,0.203613346,-0.007213402,0.423824384,0.092975379,-0.630724431,0.473022742,-0.644459286,-0.096696598,-0.060637202,0.473022742,0.268978546,-0.455315905,-0.660069248,-0.221294608,-1.14928726,-0.352709073,-0.327071406,0.123575279,-0.326449662,-0.021810796,-0.400359329,0.650557028,-0.359455958,0.148022708,0.292775678
N-carbamoyl-L-aspartate_pos,0.812004201,-0.130877624,-0.138984936,-1.133894394,0.563894588,0.59852751,0.200998252,-0.968106278,0.662284391,-0.737038482,0.377945153,-1.708650185,0.157354102,-0.079709475,2.930716646,-0.535383696,0.325531025,-0.259344423,-1.468347879,-0.496842727,-1.045460826,0.245351816,0.458844732,1.294922146,0.110694149,-0.794593753,-1.24800707,-0.135373448,0.056912474,0.834883961,-1.941777557,2.132081766,0.966671051,-0.282318524,0.412937941,0.31107168,0.275403677,0.98669912,1.142679164,-2.482183138,-0.637291921,-0.563558793,0.005039873,-0.23907383,1.17127371,-0.587721604,-0.450630406,1.030447842
"Ng,NG-dimethyl-L-arginine",-0.30065698,1.40045967,-0.54837064,-1.29997097,-0.02939385,-0.11718447,0.60424624,-0.95050606,-1.08185589,-2.40260657,-0.41406687,-0.92581415,0.15451091,1.60794381,0.50043345,-1.34647245,1.22617794,-0.35519434,1.25219464,0.76148868,1.00009542,-0.96269699,-0.84930166,0.97660643,-2.33823824,0.71275069,0.80215434,-0.11629312,0.9228465,0.0855079,-0.33381405,0.82669472,0.11499567,0.40756577,0.23671188,0.74706008,0.89065405,-1.1645348,-0.06057367,1.74743186,-1.22365246,1.6181816,0.47159195,0.20103956,0.4235264,-0.85204961,-0.86669284,-1.1529295
nicotinamide,0.531315423,-0.104323668,0.897365155,-0.310382332,-0.329988372,-1.949349521,0.452584639,-0.230094486,-0.980546798,1.341341259,0.448868378,-2.190708296,0.660634689,0.675481696,-0.657445098,-0.330161076,-0.723220986,1.137593641,-0.915421636,0.007408802,0.447443572,-0.026453708,-1.407784902,-0.051554146,0.016327407,-1.949051995,1.679609856,1.297256106,-0.391094077,1.14658295,0.045480795,0.074858568,-1.471970031,1.76316457,1.478219508,0.382519557,1.410465773,-1.760836093,0.025312658,-0.571388166,-0.917823574,-0.01262055,0.12593772,0.177359609,1.699106333,-0.6111225,-0.584367921,0.555471263
nicotinate,0.31000719,0.29237128,-0.44388946,1.97105843,-0.71443267,-0.65522203,1.4228715,1.19030699,0.91729387,-1.61573938,-0.12977369,-0.31652753,0.59511369,-0.12590889,-0.44946162,-0.9387371,0.77968405,-0.39894522,0.58061972,-1.55423753,0.45776338,1.58492194,-0.96337493,-0.79679423,1.64702301,-0.14286908,-0.73349574,-2.24687032,-0.44194819,-0.36881399,-0.97758669,1.73480896,-0.01102153,-0.86824904,-0.58588884,0.24850337,-0.23665946,0.63434731,-0.7216114,1.61607745,1.20304803,1.60804112,0.01172949,0.47942088,-0.17586107,-1.79664832,-0.79657307,-0.07787067
O-acetyl-L-serine,1.275143,0.87254742,0.84449072,0.44803515,0.91030304,-1.33064376,0.45111183,0.61487519,-1.58405985,-1.09843279,0.52701885,0.55833545,-2.51891668,1.34309652,-0.33841713,1.46155423,1.23899942,-1.65401182,0.83517578,-0.45494957,0.06813012,0.68043163,0.80843341,-0.67482517,0.31423383,-1.36829011,-0.36294569,1.17200049,-0.77290908,-0.18478724,0.25828265,-2.37663469,0.43817811,-0.91571187,0.34158156,-0.39436928,-0.61394685,-0.83600342,0.57071942,-0.52860714,-1.34807853,1.03131218,0.88719506,-0.01420837,-0.44588278,1.24275147,0.88108231,-0.25838701
orotate,0.4383918,0.4574529,1.9916882,-1.5928309,-0.5357946,0.8512498,1.1058498,0.6251471,0.6922729,-0.3771333,-0.5949511,-0.8640656,-0.3766326,-0.5270909,1.6267389,-0.2385431,0.6171672,0.8510555,1.3870288,1.1235949,0.3308811,-1.6161717,0.2919869,-1.0212044,-1.13505,-0.1220847,0.2989119,-2.4650737,0.7746127,-0.6332755,-0.2853088,0.1319662,0.9316687,1.4314252,-2.0694493,0.8188543,0.7551248,-0.5747645,-0.5082966,-0.5707122,-1.7879696,0.2835917,-0.843434,-0.5101877,1.386903,0.1404587,-0.4728934,0.3788952
oxaloacetate,1.444721159,0.604301459,0.490611979,0.566204873,-3.29407833,1.093105314,0.103959898,0.031756464,-0.223627411,-2.015556782,0.72400209,-0.182642983,1.141010327,0.616600092,-0.436466847,0.486105036,0.83206853,0.520427386,0.629639619,-0.255652746,-2.997795868,-0.011586525,0.52540237,0.696092813,0.427219689,-1.805773853,-1.50671327,-0.424829863,-0.051692234,0.17845288,0.367650489,-0.898532845,0.32020492,-0.79326913,0.566401204,0.413935206,0.399473886,0.001213811,-0.478707042,-0.097287076,-0.069977734,0.372706063,-0.271508134,0.152600754,1.312568577,1.159111612,0.846544458,-1.208394283
p-aminobenzoate,-0.972092396,-0.834747781,1.396781925,-0.586445925,-0.174315329,-0.603181578,0.159877144,-0.079210418,0.024563787,-1.475762139,-0.020742964,-0.718957083,-0.672037808,0.679742478,-2.809455871,0.059963428,0.094076949,1.948461645,1.085391867,-0.968722112,-0.198400262,0.192921546,-0.717241054,0.71758839,1.762803595,-0.005023752,-0.241867671,-0.658768649,-0.343808742,1.285432065,0.558380018,-0.480261077,-0.146355517,-0.280807016,2.264873722,1.294611404,0.23464133,-1.56491671,-1.181327942,0.433233283,-1.752998841,-0.05954487,0.856452238,0.688314608,1.012603899,-0.604095389,0.179356869,1.221016702
pantothenate,-0.08851788,-0.992522,0.61629949,-1.37909968,-0.63281243,0.0272488,2.63292356,0.57889199,0.03562099,0.55020792,-0.53312598,1.82065492,-1.51092367,0.24326828,0.08935024,-0.47893001,-1.7782477,1.88549771,0.82046,0.89903008,0.58496874,-0.52521917,-0.32954164,-1.29672413,0.82142123,1.26826293,0.39635511,-0.20864797,1.18094893,-0.15120621,-1.75077296,-1.18377254,-1.15133819,-0.28234483,-0.5081283,-0.59980152,-0.82263424,-0.67158626,-0.32828536,0.14111116,2.239672,0.28842037,0.10741441,-0.78901196,-0.20233213,-0.20612209,-0.05170279,1.22532276
phenylalanine,0.18710295,-0.26936484,0.35657883,-0.84943149,0.30749014,0.0845283,-0.95699107,-0.50984841,0.07554128,1.48211951,0.67310931,-0.57521145,-0.57665119,-0.65890868,4.51464958,0.88664665,0.5528003,-0.01853174,0.01595669,-1.00036637,0.74867107,-1.44120338,0.50501407,0.06031275,-0.95572047,-1.24923813,-0.88776584,-1.03792137,0.17039991,0.4348332,0.10657854,1.82426215,-0.94410538,1.09383737,-0.2593824,0.51627229,0.1946998,0.79206758,0.59785486,-0.56101844,-1.58751437,-0.38594161,-0.89670332,0.42950493,-0.15837048,-0.05631674,-0.39825854,-0.37606636
Phenyllactic acid,0.35108379,-0.38414847,1.14452242,1.57210661,-0.45064891,-0.0190143,0.8590335,-0.14676719,-0.40157102,0.75065465,-0.24397454,0.10133106,-0.08255198,0.50525623,3.37268434,0.99811032,0.90906264,-0.86384127,-0.30615533,-1.38597286,-0.30443335,0.62043731,0.92542049,0.51250898,-0.23014116,-0.140944,-1.55250987,-1.67712175,-0.05875405,-0.15004864,0.32605485,1.03116509,-0.72842997,0.14462865,-1.10124102,0.36121758,0.22077095,-1.47128411,2.06235044,-1.00602533,0.16420003,0.46008212,0.20535732,-2.35603826,-0.71590928,-0.42295425,-0.76315353,-0.6344049
Phenylpropiolic acid,-2.18672627,-0.49915017,0.22130035,0.2304905,0.83701433,-0.29548668,-0.8432144,0.53828579,-0.23968424,-0.77290153,1.5809575,-1.93063542,-0.47900017,-0.46641482,2.32841963,0.934333,0.07095251,-1.18536853,0.1089879,-1.28035694,1.00493795,-0.36703866,2.4940685,0.31259232,-0.60902779,-1.19033892,0.0545395,-0.83785621,0.69145891,0.23666948,0.82336096,0.74775126,0.34803123,0.47836314,0.70313188,-1.32524871,0.59311032,-0.22101847,-0.01351215,0.25340463,-0.58114405,0.34603548,0.33090018,0.66067832,0.88844902,0.2023457,-0.09674971,-2.59969643
phenylpyruvate,0.48025191,0.735613125,1.256103128,0.157053396,-3.09974612,-2.999727733,1.021289849,0.6683368,-1.429760975,0.661942532,0.269931664,0.00624068,1.153660984,-1.063251914,-0.177586719,0.978317618,-0.754709009,-0.234921221,-0.809341759,-0.85852015,0.733802424,-1.259096158,-0.151610392,0.004528555,-0.028587739,1.43501141,-0.077558044,-0.743912013,0.86811542,0.039211972,0.807380957,-0.60222816,0.665839929,-0.511835113,0.274840428,-0.636647463,1.176358383,1.051940455,-0.408588521,1.364186741,0.186372776,-0.147577793,-0.42898472,-0.85495725,0.577085467,1.002611919,-1.126371285,0.829491727
phosphocreatine,0.4270927,1.55773812,0.42997496,-1.41981251,-0.95990201,0.78325716,0.73270514,-0.70049195,0.7472264,-0.15427492,0.54198885,-0.19724889,2.51900565,-1.93209128,-1.80181827,-0.62535703,-0.56827451,-0.19228558,0.19178478,0.11724896,-0.19656699,0.2910535,0.1931749,0.70928263,0.09846397,-0.0358602,1.35301715,-1.62087393,0.93933925,0.71274127,1.73108295,-2.31383169,-1.19510265,1.1583198,0.4325449,-0.53621006,0.13539206,1.05038508,-1.25214499,-1.27639139,0.78971394,-0.1553958,-0.035227,-0.19028884,0.8758739,-0.76872329,-0.07178315,-0.31845108
phosphoenolpyruvate,-0.189010232,1.373235979,0.398870469,-0.955342285,-0.08751726,-1.162070723,0.30626414,-0.685031272,0.012569798,-1.714418213,0.697494861,0.251211604,1.697013687,-1.478491342,-2.949564083,-0.063247358,0.585934881,2.205395491,1.115221666,1.866070569,0.151025487,0.363436345,-0.142586902,-0.053450993,-0.251392401,1.034280602,-0.437936146,-0.767524411,-1.848197,-0.007452385,0.671920012,-1.194330285,0.109454238,-0.210334603,-0.141394535,-0.980123411,0.026935489,0.693866135,-0.672025346,0.033386338,0.134492735,-0.178315541,-0.472788694,0.944477186,1.55704652,-0.675680955,-0.125560366,1.21418251
Phosphorylcholine,0.1832659,0.08003943,0.27220331,-0.82480105,-0.33589415,-1.44827835,1.20121472,-0.27216343,0.41191566,1.24430876,1.72309379,0.518088,1.47806804,-1.60834256,-1.0928683,-0.130476,-0.46370657,1.76897819,0.84893682,0.53389054,-1.58702907,1.21229435,0.99128938,-0.29641475,0.93014876,-0.42414973,-0.70121859,-0.39758824,0.15359076,-0.3274554,0.21351706,-0.5618045,-0.4567054,-0.06800204,-0.70097107,-2.12119922,-0.8521809,-0.33601731,-1.08806752,-0.21495965,1.58596859,0.96646822,-1.91262953,0.84051634,1.93497224,-0.98963294,-0.1914302,0.31121761
p-hydroxybenzoate,-0.621750228,-0.709006667,0.330461753,-1.106387897,0.899483171,-0.341800127,0.920564727,-0.190454958,-0.258318282,0.93043916,-1.056641039,-1.170289905,0.027311014,-0.404622374,-0.301512168,0.024450347,-0.373754667,0.794614826,0.289745085,-0.180863487,0.022795645,-0.80372377,-2.154045942,-0.770036314,0.23185076,1.919021692,0.129053434,0.324795907,-0.003639574,-0.486526508,-0.454220883,0.636100085,-0.15099674,1.035365201,-0.098310824,0.149054596,4.418429119,-1.680648746,-1.287613757,-0.305419451,0.162933021,0.109946439,0.325527886,0.215292279,-0.006077659,-0.19998552,-0.290445772,1.509857111
proline,0.5245952,-0.94172954,0.01501561,-0.81586017,0.14659027,0.72232713,-0.85614017,-0.7929006,0.69793685,2.23033023,-1.3537441,-0.16535819,-1.16335064,0.28513619,3.25270265,-0.59044586,0.01709579,-0.1775327,0.15855127,-1.16730755,-0.02120862,-0.59314961,-1.28206719,0.14901168,-0.16338294,-0.52995962,-0.32542632,-0.22469828,0.44569318,-1.00740625,0.07022138,2.476071,0.23598195,-0.18680634,-0.01798029,0.61333676,1.29420508,0.79785711,-0.22753088,-1.3600995,-1.12806616,-0.51607153,-0.80736027,-0.07891477,-0.36030088,-0.37821387,1.11708342,1.98327009
purine,-1.42508063,-1.0008921,0.16330622,-0.1506152,0.64912737,0.94441457,-1.76849518,-1.14396158,0.42576819,1.12988314,0.27378522,-0.43668709,-0.51191947,-0.47997979,3.58515937,0.62247112,1.14009897,-0.8711105,0.35568613,-0.73189509,0.19443806,-2.56160646,1.04589795,0.1354879,-0.46212374,-1.42722794,-0.18900977,-0.75292404,0.07328003,-0.57440414,0.238946,1.96074653,-0.25314328,0.609597,-0.10177331,0.8080697,0.20770636,0.59540379,0.7465317,0.14890448,-0.84225079,0.49574067,-0.01220717,-0.36411344,0.4723043,0.39642138,-1.28005408,-0.07770142
putrescine,0.40800543,0.5155901,1.30182403,0.23495035,0.79487024,1.59117733,0.13878175,-0.72318197,0.36478366,-2.18019808,1.59479801,-1.19720979,1.60248474,1.00087599,-0.96099164,-1.36284856,0.98570749,-0.31990912,1.22659647,0.0552837,0.47998431,-1.01230888,-0.31596247,-1.03973186,-1.47503216,-0.85209635,-0.37402917,-1.49242808,-0.90317816,0.73889144,1.09909803,-0.56036037,0.11037965,0.68873116,-0.28423786,-0.05507919,0.83953229,-0.77482477,-0.51937157,-0.54455866,-1.75010854,1.48585049,-0.4063405,0.27214374,1.1716959,-0.97714052,1.55489841,-0.17580646
pyridoxine,0.97292988,1.47192233,-1.14191368,-0.5857563,-0.27454976,1.3884726,-0.50593595,-1.17445387,0.14845962,-0.51160051,-0.58730398,-0.63800577,-1.24287286,-0.46095998,-1.26931442,-0.47738886,1.27358632,-0.44244568,-0.52667545,-1.19275486,-0.81684121,1.32729825,-1.21472028,1.01226006,-0.42197263,-1.17883393,0.0486109,1.21928695,1.07860322,0.15234752,-0.45219679,1.20500538,1.34261185,1.22789522,-1.25202193,-1.26905833,-1.23254551,1.36809962,-0.49831496,0.73583511,-1.2038357,-0.26255451,0.92089208,1.51063924,-0.06191341,-0.37498848,1.59296901,1.27400447
Pyroglutamic acid,-2.11120815,-1.41532461,0.14534798,1.34088338,0.31069052,1.17558475,-0.12090625,0.34870406,-0.22548389,-0.55836169,0.17420622,-1.85961136,-0.5073718,-1.98802386,2.02534243,0.37069228,0.48014638,-0.60590905,0.24724105,0.30266968,0.1385475,-0.75700804,0.83979925,0.51071153,-0.80393879,0.83361258,0.06319839,-0.73791355,0.2334627,0.63487549,-0.4658958,1.51352741,0.86118549,2.04963499,1.27949326,-1.6230929,1.00685254,-0.87635929,0.92149776,-1.09848257,0.58582057,-0.72395313,0.14224203,0.0759659,0.23396072,0.12921552,-0.74337115,-1.75289642
pyruvate,-0.05874688,0.70958754,1.02303806,-0.59223228,-0.59383662,1.32307046,0.66997455,-0.57184505,-0.29823488,0.37867376,-0.68787882,-1.53868409,-0.85516121,-0.18060357,1.12966878,0.1339564,0.89588544,0.22043557,-0.30510883,0.72169668,0.53673517,-2.14913157,-0.39976343,-1.42331197,-0.12435053,-0.34311521,0.13016297,-2.03893539,1.40777928,0.07882815,-0.64291515,-0.30327223,1.538671,1.16507597,-0.70075886,1.68993567,1.12346494,1.66495996,-0.53190657,-1.74916683,-1.12221424,0.56903168,-1.94813658,0.07600474,0.25708671,-0.15657805,0.77595272,1.09621261
quinolinate,-0.76643029,-0.16653426,-1.1294194,1.1561222,1.13749824,0.98274142,-0.79649807,1.01029178,0.20606275,-0.85519081,1.31800529,-1.82157586,-1.13060151,0.67933897,1.92808595,-1.09430567,0.36096579,-1.52198449,0.70145478,0.17091108,1.12637429,-0.52125133,0.41507306,0.71786774,-0.85086245,-0.74748878,-1.5621207,-0.03323952,-0.43258849,0.0585618,-0.67105509,1.80487364,1.7133599,0.80542645,0.89562128,-0.2999281,1.0574016,-2.6016313,0.22760758,-0.96418914,0.09656306,0.10658074,-0.27181335,-0.23893606,0.4468317,-0.45239454,0.46726482,-0.66084672
ribose-phosphate,-0.329532618,1.003538063,0.476017553,-0.132486458,-0.541341305,-0.572530367,-0.192159325,-0.909064615,-0.121306488,-0.804789904,1.36422107,-0.110624606,1.497688309,-1.151436855,-1.78182652,-0.778141038,-0.412555746,0.537536501,0.244170439,-0.60608139,0.398223346,1.823315513,-0.466912329,0.001388609,1.202709341,1.300212395,-0.617676547,-0.848704221,-0.837298786,1.550331063,0.850168564,-1.172229188,-0.332378355,-0.59621061,0.356254123,0.347004865,-0.277029112,-0.077593211,-0.768251076,0.212980822,0.981360032,0.35075286,-2.151318894,0.191917502,2.066515019,-2.213460185,1.971069317,0.075564442
S-adenosyl-L-homocysteine_neg,1.03211659,-0.07331411,0.55798987,1.43488872,-1.23127026,0.87566646,-0.09463712,0.81942978,-0.27286755,-0.53331295,0.5608867,0.11038192,-1.58684122,-0.64481435,-2.65133897,0.86910536,0.91664107,-1.17429111,-0.08309333,-0.8268496,0.21572425,0.51406032,-0.31942188,-1.58619568,1.15554498,0.0170538,-1.06457231,0.81605022,-1.18643835,-0.74452027,0.4022162,-1.29226072,1.39511979,-0.91644575,0.93200748,0.97564511,-0.06304723,-1.24220195,0.28397181,-0.49244177,-1.06749874,0.73539603,0.76663965,-0.31958098,0.74359103,2.5971601,0.31900375,0.4209652
S-adenosyl-L-homocysteine_pos,1.174168506,-0.377870036,1.05700306,0.770275474,0.18804049,-0.555558678,0.628117473,0.564192826,0.213519573,1.018566156,-0.117168827,0.542610179,-0.807200351,-0.025850488,0.889320515,0.13974109,-0.040511372,0.614503492,-0.591867737,-0.224677133,-1.87602813,0.96468771,0.899672028,0.082148024,-0.636575417,0.000342845,-3.491461835,0.073374238,-3.375563669,0.148319195,-1.874626092,0.068475439,0.716714667,0.13607354,-0.22891076,0.670238239,-0.918068324,-1.201775307,0.072751517,0.019096476,0.525024525,0.588235555,0.545048014,0.601745536,0.25280015,0.614184836,0.751330421,0.813392367
S-adenosyl-L-methionine,-1.20001777,0.8345845,0.32819937,0.81969778,-0.08346732,-0.36793881,0.14272198,-5.46387205,0.48065652,-0.56211746,0.90700245,0.03084476,-0.40373651,0.8594179,-0.77892988,0.39246519,0.23183019,0.33587055,0.52078922,0.45263509,0.41799588,0.21966894,0.70852976,0.0237455,0.34045975,-1.46177587,-0.2082814,0.16412352,0.37453134,0.4427634,0.57019376,-0.20893255,1.11171551,-0.55668724,-0.0412502,-0.3323571,0.9049778,-0.50826235,-0.67709624,-0.19339492,-0.58975863,0.31331532,-0.11611906,1.02675218,0.38862761,-0.92285901,0.63265991,0.70007871
sarcosine,-0.441709833,0.647439417,1.000050381,-2.377443215,-1.321783236,0.575173039,1.108947879,-0.009621702,0.341905551,0.113395557,-1.477644315,-0.176499715,-0.272544794,-0.60133578,2.218119622,-1.208535271,1.663533505,1.335109039,1.159169974,0.477690224,0.203606236,-0.906178372,-1.64450997,-0.377119667,0.565072036,0.738120686,0.780637402,-1.847061599,1.182758373,-1.291757956,0.153524154,-0.671690768,1.271952119,1.1883174,-0.519686798,-0.369651507,-0.223190355,0.747623038,-0.488877394,-0.316505523,-0.684110433,0.16906462,-0.356173011,-1.270238534,1.150915157,-0.689096375,-0.014077356,0.764918073
serine,-0.489131858,0.179132623,0.117839912,-1.816492208,0.244886333,0.230689359,-1.321291889,0.722071667,0.620427218,0.457840958,0.547130283,-1.645375852,-1.191119092,0.365254189,2.855676025,-0.173164126,1.018330209,-1.142565655,1.901045841,-0.556160868,0.475089236,-1.831636605,0.836287284,-0.272187945,1.677341177,-0.589999727,0.031465689,-0.919960641,1.342293995,-0.661953284,0.139551363,0.749468747,0.310763476,0.578355474,0.151583159,-0.458365608,2.136518356,-0.589899507,-0.53323349,0.260887135,-0.914154838,-0.290710631,0.147341697,-0.007661085,-0.538497429,0.183259505,-0.767702453,-1.56926612
shikimate,-0.066854455,1.515099526,-0.299841101,1.366776816,1.258506355,-1.423457086,-0.415609701,0.00236033,0.140781338,0.561291155,0.30995329,0.406966022,-0.980838346,0.924607672,-1.755761179,0.096516512,-1.429986789,-0.073190973,-0.74619093,1.226398904,0.913901847,-0.351308422,0.206614188,-0.329340264,1.486849334,0.255086048,-0.008084649,-0.008542849,0.488211955,0.462779312,-0.489778835,0.577669517,-0.149739739,-1.289714384,-0.55348125,-0.154129325,1.219629976,-0.183722432,-0.169705166,-2.217917286,0.055368975,-1.853785605,1.394301831,1.333947459,0.38310853,0.443228422,-2.880457862,0.801483315
S-methyl-5-thioadenosine,-2.22201578,0.42415554,-0.50455161,1.81786756,0.56016775,-0.39809544,0.60246979,-0.12057944,0.3980183,-1.07280797,1.88973452,0.14686601,-1.31939556,1.58660331,-1.69593248,0.21690922,0.94157636,-1.05173558,0.48216651,0.33937865,1.20504977,-0.2879277,0.5837685,-0.33726495,-0.26672708,-2.17602956,-0.77635719,0.02877543,-2.01406174,0.6893648,-0.1198651,0.22393888,1.12165504,-1.02469753,0.54506863,0.83880282,1.41181622,-1.26392067,-0.48453091,-0.80802899,-0.48493238,0.09322821,0.45428618,1.26973814,-0.19368638,-0.51521158,0.41072067,0.85622878
sn-glycerol-3-phosphate,0.105565723,1.726698371,0.222920064,-0.675793689,0.024894378,-0.057437095,0.381658401,-1.071525706,-0.184723146,-1.8257886,1.406797559,-0.648802441,2.633513216,-1.471051172,-2.210651063,-0.007303168,0.866267886,0.499838929,0.126375336,0.359538032,0.287852024,0.281017748,1.092879005,-0.193009304,-0.298300516,1.107336739,0.056200159,-1.360395391,-0.943530771,0.661543137,1.079374211,-1.349276753,-0.138499662,-0.10596063,1.31701609,-1.49914994,0.367192369,0.948725947,-0.284135528,-0.582529377,0.563443704,-0.050808627,-0.578646592,0.211124275,1.915651725,-1.134071176,-0.972274821,-0.59975986
S-ribosyl-L-homocysteine_pos,1.06427215,0.73088372,0.16411642,-1.44570021,1.24565337,0.68360688,-0.78039629,1.27931241,0.79122562,-0.93254152,0.74776687,-0.92131777,-0.159502,-0.08572138,0.3457278,0.86180196,0.46067182,-2.02529108,0.38112748,0.51873228,1.27533605,-2.3706212,1.57260745,-1.45036868,1.48566727,-0.474439,0.67457983,-0.39345995,1.00901312,-1.18350285,0.35411126,0.61095333,-0.25192965,0.73657449,-0.92539268,-0.78999052,1.37516475,-0.94640067,-0.50728136,-0.12875012,-0.83808613,0.2951593,-0.5015273,0.29769574,0.56237004,-0.18817878,0.2187252,-2.44245746
succinate,-0.31670092,-0.36783494,1.19401882,-1.69347813,-2.70910541,-0.96689825,0.49935812,0.24350906,0.62495417,-2.46468416,0.59630297,-0.88984725,-0.19898693,0.41529885,-0.24158334,0.06220904,0.14370904,1.99481963,0.42448634,2.2444782,-0.65045181,0.45380678,0.01972467,-0.01893093,0.09211813,1.02006555,0.7985685,-1.08968323,0.76074847,-0.72095836,-0.13063863,-0.46042836,0.38498601,-0.07561893,0.04360505,-0.80031105,1.04719205,-1.91978446,0.6312733,-0.38590903,-0.09725013,0.12541552,0.95691037,-0.48293988,1.01417032,1.61879469,-0.97143445,0.24293493
taurine,-1.04285768,0.52592277,0.11805133,-1.26203832,-0.35402812,1.17753327,-0.88887057,1.10608258,1.77301531,0.54407761,-0.96058444,-0.85014565,-0.61011572,-0.0239489,0.63021102,-1.2949112,0.0412912,0.37161204,1.55444698,-1.56833154,0.09946238,1.01644992,-1.36524222,-0.36616305,0.16071624,0.40224453,-0.09305144,-0.67275207,-0.83154462,0.3002902,-0.19832526,1.5203435,0.91149676,-0.3096135,2.5221035,-0.78838807,1.01231445,-0.16495636,-0.82827907,-0.96785203,-1.6921907,-0.80856784,1.73049305,1.12449086,0.2506246,-0.27900383,0.76134915,-1.43286102
Taurodeoxycholic acid,-0.75947391,1.33095081,0.89304536,-0.87659224,0.7672829,0.59340179,-0.45196322,-0.20188581,-0.19879817,-1.6622568,2.20694692,-0.84154128,0.02266476,-0.43815813,-0.87024668,-0.21266741,0.16331467,0.38150432,1.06131793,-0.66205918,1.72871419,-0.52967194,0.96009004,-0.47165864,1.0367713,-0.56837698,-0.75584213,-1.23664193,-0.60848574,0.49917466,-0.53621095,-0.23605608,1.44431787,-0.81419537,0.90304877,0.44002728,1.70205637,-0.77550206,-1.80057777,0.45262016,-0.5457074,0.33626943,-0.12691619,0.412709,1.2593194,-2.97513226,0.18929082,0.37177956
threonine,-0.95912673,-0.24383911,-0.23623251,-0.1342563,0.28302154,1.02532085,-0.70107665,-0.59933935,1.70739224,0.88864566,-0.04346351,-2.21290913,0.26193982,0.46885837,3.7219579,-0.45604976,0.7154139,-0.29705718,1.7310634,-0.9632526,1.45820995,-1.4300476,0.39675477,0.52389213,-0.20063506,-0.61360195,-0.13911687,-0.78531317,1.38848627,-0.83355179,-1.11698189,0.85700843,0.98387014,0.79092376,-0.0856587,-0.2331521,-0.1227754,-0.32225956,0.3357451,0.12056411,-0.12720529,-0.71207215,-1.0568385,-0.30382626,-0.07349,-0.60541361,-0.78238063,-1.26814501
trehalose-sucrose,1.47739189,0.19204869,1.44072258,-0.03679557,0.35106327,1.80917316,1.32649026,0.73889334,0.88720292,-2.16080257,0.49313633,-0.72780196,-1.2397338,0.18292945,-1.8030558,-0.37372624,0.55439546,1.23903436,-0.54359798,-0.80097001,-0.25558039,-0.3301849,-1.73239124,-2.11820677,-0.80062697,1.95659427,2.12687173,-0.13002993,0.35540692,0.23178946,-0.61263316,0.05545374,1.02044647,0.40182977,0.21920487,0.17744109,0.09095636,-1.25338859,-0.26819553,-0.39734294,-0.49740256,-0.59614686,-0.38216653,-0.09011114,0.80070485,-1.08348723,-0.20455684,0.30975422
tryptophan,-0.181536739,-0.505132208,-0.130029082,0.593482413,0.313217384,-0.116012934,-1.437170263,-0.905535865,-0.212220311,1.894066427,0.242572262,-0.424880077,0.420819397,-0.088931493,4.595259802,0.464427384,0.022244142,0.006529561,-0.339714014,-0.228967114,0.129379012,-1.368167752,0.505904359,0.028847974,-1.16214464,-1.088069875,-0.505097049,-0.364109954,-1.879112484,0.080547705,0.009267364,1.041570711,-0.665406592,0.627928104,-0.260521811,0.681358659,-0.194085899,0.873261194,0.187691556,1.607622696,-0.923276899,0.15981307,-0.734964881,0.814996054,-0.292387932,0.166289991,-0.885414215,-0.57420714
tyrosine,-1.796365456,-0.751378577,-0.183301194,0.003680872,0.390158829,-0.45483456,0.114707593,-0.845652513,0.255377615,0.890474902,0.103139448,-1.089714434,1.026650504,-0.994322981,4.591017949,-0.079159426,-0.129583396,0.219180003,0.878932248,0.409371265,-0.228897128,-0.761303463,0.232260021,0.566572952,-0.845658291,-0.609665011,-1.148057053,-0.439041621,-1.0230363,-0.816208839,0.153062024,1.409791887,0.301479813,0.993333589,-0.220526751,0.631205704,0.547310436,0.107964787,0.060991935,-1.092145471,0.261123417,0.312040661,-1.987170848,0.401706926,-0.333287236,0.45167503,-0.380382797,0.896482936
uracil,-1.02744293,-0.83947609,1.44573619,-0.35195468,-1.14296288,0.79607182,-0.14523002,-0.12304964,0.18468173,0.39942305,0.0864418,-0.05853331,-0.25143805,1.11645897,2.41186742,-1.56570464,-0.78661455,0.05334158,0.16896058,-0.85934768,0.85252285,-0.08709217,0.73248524,0.16241113,-1.45339129,0.3967814,0.46337147,1.22016632,1.83760548,-0.65730627,-0.34131456,-0.30278061,-0.45355445,-0.04512911,-1.74206057,1.39104931,1.35961329,-1.3750824,0.29065864,-1.08791757,-1.31346778,-1.08731639,-1.88237139,0.16613046,0.06321879,0.94832782,1.03868631,1.39452739
Urea,-0.34862713,0.68683692,0.64589276,0.05228639,0.01082934,1.31546347,1.85724868,-1.07543436,-1.34064571,-0.6577905,1.53192727,1.25316545,0.27620707,1.25316965,0.15183444,1.22174486,0.49080804,0.59189868,-0.29811073,0.3072368,1.00660108,-1.35407662,-0.39091683,-0.73159753,-0.58815403,-0.81749118,-0.03716688,-1.54425931,-0.50774087,-0.43652325,-0.58185549,-0.39166383,0.41406136,0.76699835,-1.76231465,0.75644073,1.27384142,-0.37952987,0.78134563,-0.76848189,0.42762412,0.80716984,-0.04532517,-2.37427757,0.59169561,1.0287522,-2.4547238,-0.61437297
Uric acid,-0.986389761,-0.002894907,1.413991013,0.487962446,0.689335474,-0.046996129,0.270515161,1.236705553,-0.404434885,-0.110765332,-0.100163856,-0.672975605,-0.484404545,1.918370686,-0.978433307,-0.340063132,-0.007279001,0.122516427,-0.857352168,-0.680225687,-0.471092547,0.15568961,-0.27683475,0.107310183,0.705292744,-0.964244968,-0.907460692,-0.507606588,-3.298224223,0.394387083,-0.957098858,2.534337635,-0.088311986,1.189846006,-0.547458931,1.479178271,0.75552301,1.426854341,-0.292506715,-1.646423838,-0.243123958,-1.55501334,-0.124244764,0.157275542,1.051733748,0.570767363,0.432583972,0.451848206
uridine,1.90843356,0.2567526,2.31409207,0.02055191,-0.69441046,1.69669288,0.14167823,1.01491642,-0.36963117,0.33078301,0.4522319,-0.81847928,-0.36606529,0.89497854,-0.01947582,-1.39436145,-0.07391219,1.0752378,0.54942874,-0.41691592,1.18240382,-1.17530669,0.34741245,0.18577794,-0.46467503,-0.76381637,-0.91348629,-2.22302392,0.73459192,0.48751084,-0.48517855,0.90202613,-0.56849707,1.39082267,-0.99776063,0.31861269,0.20014575,-0.88598194,0.51729657,-0.81718244,-1.44945033,0.88696031,-2.621763,-0.36216651,0.482484,0.70799902,-0.86301175,-0.2552697
valine,0.32193722,0.89664179,1.45721141,-1.47216344,-0.24797178,0.03644474,-0.17173448,0.39719184,-0.26794254,2.18548114,-0.27269538,-1.56595381,-1.26908936,-0.85288081,3.8698883,-0.23919246,1.6656204,0.43858942,0.05049525,-0.71171039,0.23195115,-1.26553333,-0.70413528,-0.60717925,-0.03598118,0.10380603,-0.80249144,-1.39314339,0.30321747,-0.86235357,0.52321165,1.35852535,-0.22030271,0.72751676,0.15147616,0.15126343,0.74852757,0.1594041,0.48984992,-0.79794378,-0.83216024,-0.35459679,-0.91574381,-0.12938727,0.90066311,-0.02036389,-0.67449372,-0.4817701
xanthine,-1.672541,-0.99603533,-0.76861816,0.15624192,-0.70991337,-1.41490014,0.83564693,1.95398095,0.4421651,1.31744514,0.13721534,0.2298717,-1.23981668,0.07685095,1.67446077,-0.20111698,0.69839833,-0.76744495,0.51510998,-0.76080003,-0.59313515,0.95180125,0.85408188,0.82423524,0.04897934,-1.90932048,-0.27082184,1.57685711,-1.18160879,-0.82640426,0.33655681,0.2336517,2.11498521,-0.39371225,0.45316034,-0.41188952,-0.77822678,-2.51853027,-0.35622912,0.18373756,-0.51766216,-0.41656311,-0.54495692,1.24806906,0.20685,0.53154106,0.97950511,0.6688485
xanthosine,-1.2851942,-0.75649213,0.57004668,2.32944331,0.93049296,-0.91884287,0.80288456,1.17004072,-1.0829522,0.85376012,0.11452145,-0.55905625,-1.17846553,-0.50581031,-0.23843766,0.00443547,0.13326883,-1.46944811,-0.23887424,0.3633849,-0.10055195,-0.77186841,0.95913815,-0.89591171,0.16910771,-2.60473313,1.29978604,0.32390241,0.44452762,-0.72058601,0.52905066,-0.63254837,1.63072282,-1.33084596,-0.77116761,1.46841235,-1.0863739,-0.75178352,-1.36958375,-0.53261867,0.55730155,0.77951608,0.38026096,1.48230947,0.09300704,0.39967547,1.26354747,0.74960169
